source,tag,xyz_file,n_atoms,topology_label,charge,uhf,e_xtb_eV_per_atom,freq_status,is_true_minimum,hops_needed,n_imaginary_before_hopping,e_final_eV_per_atom,e_shift_eV_per_atom,freq_seconds
N_csp,N_csp_N3_0000_chain,/Users/akapulco/polyN/structures_externes/N_csp/xyz/N3_0000_chain.xyz,3,chain,0,1,-78.23859,ok,True,0,0,-78.238594,-4e-06,0.8
N_csp,N_csp_N4_0005_bicyclic-3-3-3,/Users/akapulco/polyN/structures_externes/N_csp/xyz/N4_0005_bicyclic-3-3-3.xyz,4,bicyclic-3-3-3,0,0,-78.12615,ok,True,0,0,-78.126145,5e-06,1.0
N_csp,N_csp_N4_0004_bicyclic-3-3,/Users/akapulco/polyN/structures_externes/N_csp/xyz/N4_0004_bicyclic-3-3.xyz,4,bicyclic-3-3,0,0,-77.78993,ok,True,0,0,-77.78993,0.0,1.3
N_csp,N_csp_N5_0001_chain,/Users/akapulco/polyN/structures_externes/N_csp/xyz/N5_0001_chain.xyz,5,chain,0,1,-78.61039,ok,True,0,0,-78.610394,-4e-06,1.9
N_csp,N_csp_N3_0001_ring-3,/Users/akapulco/polyN/structures_externes/N_csp/xyz/N3_0001_ring-3.xyz,3,ring-3,0,1,-77.4108,ok,True,1,2,-77.484475,-0.073675,2.4
N_csp,N_csp_N5_0005_ring-5,/Users/akapulco/polyN/structures_externes/N_csp/xyz/N5_0005_ring-5.xyz,5,ring-5,0,1,-78.59634,ok,True,0,0,-78.596342,-2e-06,2.6
N_csp,N_csp_N5_0002_ring-3-substituted,/Users/akapulco/polyN/structures_externes/N_csp/xyz/N5_0002_ring-3-substituted.xyz,5,ring-3-substituted,0,1,-78.61039,ok,True,0,0,-78.610394,-4e-06,1.9
N_csp,N_csp_N5_0003_ring-3-substituted,/Users/akapulco/polyN/structures_externes/N_csp/xyz/N5_0003_ring-3-substituted.xyz,5,ring-3-substituted,0,1,-78.10743,ok,True,0,0,-78.107432,-2e-06,2.3
N_csp,N_csp_N4_0001_chain,/Users/akapulco/polyN/structures_externes/N_csp/xyz/N4_0001_chain.xyz,4,chain,0,0,-78.42776,ok,True,0,0,-78.427761,-1e-06,0.9
N_csp,N_csp_N5_0007_bicyclic-3-4,/Users/akapulco/polyN/structures_externes/N_csp/xyz/N5_0007_bicyclic-3-4.xyz,5,bicyclic-3-4,0,1,-77.85008,ok,True,0,0,-77.850082,-2e-06,1.7
N_csp,N_csp_N4_0002_ring-3-substituted,/Users/akapulco/polyN/structures_externes/N_csp/xyz/N4_0002_ring-3-substituted.xyz,4,ring-3-substituted,0,0,-78.42776,ok,True,0,0,-78.427761,-1e-06,0.9
N_csp,N_csp_N6_0005_ring-3-substituted,/Users/akapulco/polyN/structures_externes/N_csp/xyz/N6_0005_ring-3-substituted.xyz,6,ring-3-substituted,0,0,-78.88277,ok,True,0,0,-78.882773,-3e-06,2.4
N_csp,N_csp_N6_0007_ring-3-substituted,/Users/akapulco/polyN/structures_externes/N_csp/xyz/N6_0007_ring-3-substituted.xyz,6,ring-3-substituted,0,0,-78.4853,ok,True,0,0,-78.485304,-4e-06,2.4
N_csp,N_csp_N5_0008_bicyclic-4-4,/Users/akapulco/polyN/structures_externes/N_csp/xyz/N5_0008_bicyclic-4-4.xyz,5,bicyclic-4-4,0,1,-76.96549,ok,True,1,1,-77.037489,-0.071999,4.8
N_csp,N_csp_N4_0003_ring-4,/Users/akapulco/polyN/structures_externes/N_csp/xyz/N4_0003_ring-4.xyz,4,ring-4,0,0,-78.42661,ok,True,1,2,-78.42776,-0.00115,6.1
N_csp,N_csp_N6_0009_ring-4-substituted,/Users/akapulco/polyN/structures_externes/N_csp/xyz/N6_0009_ring-4-substituted.xyz,6,ring-4-substituted,0,0,-78.41577,ok,True,0,0,-78.415772,-2e-06,2.5
N_csp,N_csp_N6_0010_ring-4-substituted,/Users/akapulco/polyN/structures_externes/N_csp/xyz/N6_0010_ring-4-substituted.xyz,6,ring-4-substituted,0,0,-78.05652,ok,True,0,0,-78.05652,-0.0,2.9
N_csp,N_csp_N4_0000_branched-tree,/Users/akapulco/polyN/structures_externes/N_csp/xyz/N4_0000_branched-tree.xyz,4,branched-tree,0,0,-76.74566,ok,True,1,3,-77.839171,-1.093511,6.6
N_csp,N_csp_N6_0014_bicyclic-3-3,/Users/akapulco/polyN/structures_externes/N_csp/xyz/N6_0014_bicyclic-3-3.xyz,6,bicyclic-3-3,0,0,-78.01858,ok,True,0,0,-78.018585,-5e-06,2.2
N_csp,N_csp_N6_0006_ring-3-substituted,/Users/akapulco/polyN/structures_externes/N_csp/xyz/N6_0006_ring-3-substituted.xyz,6,ring-3-substituted,0,0,-78.7087,ok,True,0,0,-78.708703,-3e-06,2.4
N_csp,N_csp_N6_0018_bicyclic-3-3,/Users/akapulco/polyN/structures_externes/N_csp/xyz/N6_0018_bicyclic-3-3.xyz,6,bicyclic-3-3,0,0,-78.08161,ok,True,0,0,-78.081608,2e-06,2.1
N_csp,N_csp_N6_0011_ring-5-substituted,/Users/akapulco/polyN/structures_externes/N_csp/xyz/N6_0011_ring-5-substituted.xyz,6,ring-5-substituted,0,0,-78.44492,ok,True,0,0,-78.44492,0.0,3.1
N_csp,N_csp_N6_0008_ring-4-substituted,/Users/akapulco/polyN/structures_externes/N_csp/xyz/N6_0008_ring-4-substituted.xyz,6,ring-4-substituted,0,0,-78.43121,ok,True,0,0,-78.431207,3e-06,1.8
N_csp,N_csp_N5_0004_ring-4-substituted,/Users/akapulco/polyN/structures_externes/N_csp/xyz/N5_0004_ring-4-substituted.xyz,5,ring-4-substituted,0,1,-78.02876,ok,True,2,1,-78.610394,-0.581634,10.6
N_csp,N_csp_N6_0020_bicyclic-4-4,/Users/akapulco/polyN/structures_externes/N_csp/xyz/N6_0020_bicyclic-4-4.xyz,6,bicyclic-4-4,0,0,-78.27837,ok,True,0,0,-78.278374,-4e-06,2.2
N_csp,N_csp_N6_0013_bicyclic-3-3,/Users/akapulco/polyN/structures_externes/N_csp/xyz/N6_0013_bicyclic-3-3.xyz,6,bicyclic-3-3,0,0,-78.00629,ok,True,0,0,-78.006286,4e-06,2.3
N_csp,N_csp_N6_0004_ring-3-substituted,/Users/akapulco/polyN/structures_externes/N_csp/xyz/N6_0004_ring-3-substituted.xyz,6,ring-3-substituted,0,0,-78.45537,ok,True,0,0,-78.455371,-1e-06,2.2
N_csp,N_csp_N6_0017_bicyclic-3-5,/Users/akapulco/polyN/structures_externes/N_csp/xyz/N6_0017_bicyclic-3-5.xyz,6,bicyclic-3-5,0,0,-78.69175,ok,True,1,1,-78.708703,-0.016953,5.3
N_csp,N_csp_N5_0006_bicyclic-3-3,/Users/akapulco/polyN/structures_externes/N_csp/xyz/N5_0006_bicyclic-3-3.xyz,5,bicyclic-3-3,0,1,-78.61039,ok,True,0,0,-78.610394,-4e-06,1.9
N_csp,N_csp_N6_0012_ring-6,/Users/akapulco/polyN/structures_externes/N_csp/xyz/N6_0012_ring-6.xyz,6,ring-6,0,0,-78.56265,ok,True,1,2,-78.708703,-0.146053,6.7
N_csp,N_csp_N5_0000_branched-tree,/Users/akapulco/polyN/structures_externes/N_csp/xyz/N5_0000_branched-tree.xyz,5,branched-tree,0,1,-78.61039,ok,True,0,0,-78.610394,-4e-06,2.0
N_csp,N_csp_N6_0022_bicyclic-3-4-4,/Users/akapulco/polyN/structures_externes/N_csp/xyz/N6_0022_bicyclic-3-4-4.xyz,6,bicyclic-3-4-4,0,0,-78.00745,ok,True,0,0,-78.007448,2e-06,2.2
N_csp,N_csp_N6_0028_bicyclic-4-4-4-4,/Users/akapulco/polyN/structures_externes/N_csp/xyz/N6_0028_bicyclic-4-4-4-4.xyz,6,bicyclic-4-4-4-4,0,0,-78.13914,ok,True,0,0,-78.139135,5e-06,2.4
N_csp,N_csp_N6_0015_bicyclic-3-4,/Users/akapulco/polyN/structures_externes/N_csp/xyz/N6_0015_bicyclic-3-4.xyz,6,bicyclic-3-4,0,0,-78.1434,ok,True,1,1,-78.415772,-0.272372,7.7
N_csp,N_csp_N7_0000_ring-3-substituted,/Users/akapulco/polyN/structures_externes/N_csp/xyz/N7_0000_ring-3-substituted.xyz,7,ring-3-substituted,0,1,-78.80184,ok,True,0,0,-78.80184,-0.0,3.3
N_csp,N_csp_N6_0027_bicyclic-3-3-4-4,/Users/akapulco/polyN/structures_externes/N_csp/xyz/N6_0027_bicyclic-3-3-4-4.xyz,6,bicyclic-3-3-4-4,0,0,-78.43204,ok,True,0,0,-78.432041,-1e-06,1.8
N_csp,N_csp_N6_0016_bicyclic-3-4,/Users/akapulco/polyN/structures_externes/N_csp/xyz/N6_0016_bicyclic-3-4.xyz,6,bicyclic-3-4,0,0,-78.45537,ok,True,0,0,-78.455371,-1e-06,2.3
N_csp,N_csp_N6_0025_bicyclic-3-3-4,/Users/akapulco/polyN/structures_externes/N_csp/xyz/N6_0025_bicyclic-3-3-4.xyz,6,bicyclic-3-3-4,0,0,-77.97257,ok,True,1,1,-78.08197,-0.1094,5.9
N_csp,N_csp_N7_0012_ring-5-substituted,/Users/akapulco/polyN/structures_externes/N_csp/xyz/N7_0012_ring-5-substituted.xyz,7,ring-5-substituted,0,1,-78.69995,ok,True,0,0,-78.699955,-5e-06,3.2
N_csp,N_csp_N7_0014_bicyclic-3-4,/Users/akapulco/polyN/structures_externes/N_csp/xyz/N7_0014_bicyclic-3-4.xyz,7,bicyclic-3-4,0,1,-78.78664,ok,True,0,0,-78.786641,-1e-06,3.3
N_csp,N_csp_N7_0001_bicyclic-3-4,/Users/akapulco/polyN/structures_externes/N_csp/xyz/N7_0001_bicyclic-3-4.xyz,7,bicyclic-3-4,0,1,-78.22202,ok,True,0,0,-78.222022,-2e-06,3.8
N_csp,N_csp_N7_0008_bicyclic-4-4,/Users/akapulco/polyN/structures_externes/N_csp/xyz/N7_0008_bicyclic-4-4.xyz,7,bicyclic-4-4,0,1,-78.47672,ok,True,0,0,-78.476718,2e-06,3.4
N_csp,N_csp_N7_0016_bicyclic-3-5,/Users/akapulco/polyN/structures_externes/N_csp/xyz/N7_0016_bicyclic-3-5.xyz,7,bicyclic-3-5,0,1,-78.78664,ok,True,0,0,-78.786641,-1e-06,3.3
N_csp,N_csp_N7_0003_bicyclic-3-4,/Users/akapulco/polyN/structures_externes/N_csp/xyz/N7_0003_bicyclic-3-4.xyz,7,bicyclic-3-4,0,1,-78.10609,ok,True,1,1,-78.12271,-0.01662,9.8
N_csp,N_csp_N6_0003_chain,/Users/akapulco/polyN/structures_externes/N_csp/xyz/N6_0003_chain.xyz,6,chain,0,0,-78.42662,ok,True,1,2,-78.429715,-0.003095,19.3
N_csp,N_csp_N7_0011_bicyclic-4-4-4,/Users/akapulco/polyN/structures_externes/N_csp/xyz/N7_0011_bicyclic-4-4-4.xyz,7,bicyclic-4-4-4,0,1,-78.47672,ok,True,0,0,-78.476718,2e-06,3.6
N_csp,N_csp_N7_0010_ring-4-substituted,/Users/akapulco/polyN/structures_externes/N_csp/xyz/N7_0010_ring-4-substituted.xyz,7,ring-4-substituted,0,1,-78.57209,ok,True,0,0,-78.572093,-3e-06,3.3
N_csp,N_csp_N7_0021_ring-5-substituted,/Users/akapulco/polyN/structures_externes/N_csp/xyz/N7_0021_ring-5-substituted.xyz,7,ring-5-substituted,0,1,-78.57739,ok,True,0,0,-78.57739,0.0,3.4
N_csp,N_csp_N7_0015_bicyclic-5-5,/Users/akapulco/polyN/structures_externes/N_csp/xyz/N7_0015_bicyclic-5-5.xyz,7,bicyclic-5-5,0,1,-78.35057,error: TBLite could not evaluate input,,,,,,
N_csp,N_csp_N7_0002_ring-4-substituted,/Users/akapulco/polyN/structures_externes/N_csp/xyz/N7_0002_ring-4-substituted.xyz,7,ring-4-substituted,0,1,-78.47309,ok,True,1,1,-78.481242,-0.008152,10.4
N_csp,N_csp_N7_0023_ring-5-substituted,/Users/akapulco/polyN/structures_externes/N_csp/xyz/N7_0023_ring-5-substituted.xyz,7,ring-5-substituted,0,1,-78.78664,ok,True,0,0,-78.786641,-1e-06,3.4
N_csp,N_csp_N7_0017_bicyclic-3-3,/Users/akapulco/polyN/structures_externes/N_csp/xyz/N7_0017_bicyclic-3-3.xyz,7,bicyclic-3-3,0,1,-78.56777,ok,True,0,0,-78.567771,-1e-06,3.3
N_csp,N_csp_N7_0013_branched-tree,/Users/akapulco/polyN/structures_externes/N_csp/xyz/N7_0013_branched-tree.xyz,7,branched-tree,0,1,-78.57209,ok,True,0,0,-78.572093,-3e-06,3.6
N_csp,N_csp_N7_0027_bicyclic-4-5,/Users/akapulco/polyN/structures_externes/N_csp/xyz/N7_0027_bicyclic-4-5.xyz,7,bicyclic-4-5,0,1,-78.47523,ok,True,0,0,-78.475229,1e-06,3.3
N_csp,N_csp_N7_0020_ring-3-substituted,/Users/akapulco/polyN/structures_externes/N_csp/xyz/N7_0020_ring-3-substituted.xyz,7,ring-3-substituted,0,1,-78.22202,ok,True,0,0,-78.222022,-2e-06,4.0
N_csp,N_csp_N7_0029_bicyclic-3-6,/Users/akapulco/polyN/structures_externes/N_csp/xyz/N7_0029_bicyclic-3-6.xyz,7,bicyclic-3-6,0,1,-78.61088,ok,True,0,0,-78.610879,1e-06,3.3
N_csp,N_csp_N7_0033_bicyclic-3-4,/Users/akapulco/polyN/structures_externes/N_csp/xyz/N7_0033_bicyclic-3-4.xyz,7,bicyclic-3-4,0,1,-78.80184,ok,True,0,0,-78.80184,-0.0,3.4
N_csp,N_csp_N7_0026_ring-6-substituted,/Users/akapulco/polyN/structures_externes/N_csp/xyz/N7_0026_ring-6-substituted.xyz,7,ring-6-substituted,0,1,-78.78664,ok,True,0,0,-78.786641,-1e-06,3.4
N_csp,N_csp_N7_0005_bicyclic-3-3,/Users/akapulco/polyN/structures_externes/N_csp/xyz/N7_0005_bicyclic-3-3.xyz,7,bicyclic-3-3,0,1,-78.22283,ok,True,1,1,-78.428386,-0.205556,15.3
N_csp,N_csp_N7_0038_bicyclic-3-4-5,/Users/akapulco/polyN/structures_externes/N_csp/xyz/N7_0038_bicyclic-3-4-5.xyz,7,bicyclic-3-4-5,0,1,-78.57656,ok,True,0,0,-78.576562,-2e-06,2.8
N_csp,N_csp_N7_0031_branched-tree,/Users/akapulco/polyN/structures_externes/N_csp/xyz/N7_0031_branched-tree.xyz,7,branched-tree,0,1,-78.78664,ok,True,0,0,-78.786641,-1e-06,3.3
N_csp,N_csp_N7_0037_ring-3-substituted,/Users/akapulco/polyN/structures_externes/N_csp/xyz/N7_0037_ring-3-substituted.xyz,7,ring-3-substituted,0,1,-78.78664,ok,True,0,0,-78.786641,-1e-06,3.3
N_csp,N_csp_N7_0007_branched-tree,/Users/akapulco/polyN/structures_externes/N_csp/xyz/N7_0007_branched-tree.xyz,7,branched-tree,0,1,-78.55666,ok,True,1,1,-78.556663,-3e-06,7.0
N_csp,N_csp_N7_0022_branched-tree,/Users/akapulco/polyN/structures_externes/N_csp/xyz/N7_0022_branched-tree.xyz,7,branched-tree,0,1,-78.57209,ok,True,0,0,-78.572093,-3e-06,3.4
N_csp,N_csp_N7_0036_ring-3-substituted,/Users/akapulco/polyN/structures_externes/N_csp/xyz/N7_0036_ring-3-substituted.xyz,7,ring-3-substituted,0,1,-78.4768,ok,True,0,0,-78.476802,-2e-06,3.2
N_csp,N_csp_N7_0046_chain,/Users/akapulco/polyN/structures_externes/N_csp/xyz/N7_0046_chain.xyz,7,chain,0,1,-78.80404,ok,True,0,0,-78.80404,0.0,3.3
N_csp,N_csp_N7_0019_ring-4-substituted,/Users/akapulco/polyN/structures_externes/N_csp/xyz/N7_0019_ring-4-substituted.xyz,7,ring-4-substituted,0,1,-78.42059,ok,True,0,0,-78.420594,-4e-06,4.1
N_csp,N_csp_N7_0035_bicyclic-4-4-5,/Users/akapulco/polyN/structures_externes/N_csp/xyz/N7_0035_bicyclic-4-4-5.xyz,7,bicyclic-4-4-5,0,1,-78.57209,ok,True,0,0,-78.572093,-3e-06,3.4
N_csp,N_csp_N7_0024_ring-4-substituted,/Users/akapulco/polyN/structures_externes/N_csp/xyz/N7_0024_ring-4-substituted.xyz,7,ring-4-substituted,0,1,-78.80184,ok,True,0,0,-78.80184,-0.0,3.2
N_csp,N_csp_N7_0053_bicyclic-3-4-4,/Users/akapulco/polyN/structures_externes/N_csp/xyz/N7_0053_bicyclic-3-4-4.xyz,7,bicyclic-3-4-4,0,1,-77.98897,ok,True,0,0,-77.988966,4e-06,3.5
N_csp,N_csp_N7_0030_bicyclic-4-4,/Users/akapulco/polyN/structures_externes/N_csp/xyz/N7_0030_bicyclic-4-4.xyz,7,bicyclic-4-4,0,1,-78.57209,ok,True,0,0,-78.572093,-3e-06,3.4
N_csp,N_csp_N7_0043_bicyclic-3-5-5,/Users/akapulco/polyN/structures_externes/N_csp/xyz/N7_0043_bicyclic-3-5-5.xyz,7,bicyclic-3-5-5,0,1,-78.57209,ok,True,0,0,-78.572093,-3e-06,3.4
N_csp,N_csp_N7_0025_ring-3-substituted,/Users/akapulco/polyN/structures_externes/N_csp/xyz/N7_0025_ring-3-substituted.xyz,7,ring-3-substituted,0,1,-78.57209,ok,True,0,0,-78.572093,-3e-06,3.3
N_csp,N_csp_N7_0041_bicyclic-3-5,/Users/akapulco/polyN/structures_externes/N_csp/xyz/N7_0041_bicyclic-3-5.xyz,7,bicyclic-3-5,0,1,-78.59669,ok,True,1,1,-78.786641,-0.189951,10.0
N_csp,N_csp_N7_0049_bicyclic-3-4-5,/Users/akapulco/polyN/structures_externes/N_csp/xyz/N7_0049_bicyclic-3-4-5.xyz,7,bicyclic-3-4-5,0,1,-78.47672,ok,True,0,0,-78.476718,2e-06,3.4
N_csp,N_csp_N7_0052_ring-7,/Users/akapulco/polyN/structures_externes/N_csp/xyz/N7_0052_ring-7.xyz,7,ring-7,0,1,-78.61067,ok,True,1,1,-78.610879,-0.000209,7.8
N_csp,N_csp_N8_0003_ring-3-substituted,/Users/akapulco/polyN/structures_externes/N_csp/xyz/N8_0003_ring-3-substituted.xyz,8,ring-3-substituted,0,0,-78.87751,ok,True,0,0,-78.877513,-3e-06,4.3
N_csp,N_csp_N8_0000_bicyclic-4-4,/Users/akapulco/polyN/structures_externes/N_csp/xyz/N8_0000_bicyclic-4-4.xyz,8,bicyclic-4-4,0,0,-78.42876,ok,True,0,0,-78.428761,-1e-06,4.1
N_csp,N_csp_N7_0055_bicyclic-4-4-4,/Users/akapulco/polyN/structures_externes/N_csp/xyz/N7_0055_bicyclic-4-4-4.xyz,7,bicyclic-4-4-4,0,1,-78.57739,ok,True,0,0,-78.57739,0.0,3.5
N_csp,N_csp_N7_0060_bicyclic-3-3-4-5,/Users/akapulco/polyN/structures_externes/N_csp/xyz/N7_0060_bicyclic-3-3-4-5.xyz,7,bicyclic-3-3-4-5,0,1,-78.57209,ok,True,0,0,-78.572093,-3e-06,3.5
N_csp,N_csp_N7_0040_bicyclic-3-4,/Users/akapulco/polyN/structures_externes/N_csp/xyz/N7_0040_bicyclic-3-4.xyz,7,bicyclic-3-4,0,1,-78.19575,ok,True,1,1,-78.476718,-0.280968,14.1
N_csp,N_csp_N7_0057_bicyclic-3-4-4-4,/Users/akapulco/polyN/structures_externes/N_csp/xyz/N7_0057_bicyclic-3-4-4-4.xyz,7,bicyclic-3-4-4-4,0,1,-78.11442,ok,True,1,1,-78.12271,-0.00829,9.0
N_csp,N_csp_N7_0051_bicyclic-3-5,/Users/akapulco/polyN/structures_externes/N_csp/xyz/N7_0051_bicyclic-3-5.xyz,7,bicyclic-3-5,0,1,-78.69995,ok,True,0,0,-78.699955,-5e-06,3.2
N_csp,N_csp_N8_0005_bicyclic-4-5-6,/Users/akapulco/polyN/structures_externes/N_csp/xyz/N8_0005_bicyclic-4-5-6.xyz,8,bicyclic-4-5-6,0,0,-78.64433,ok,True,0,0,-78.644334,-4e-06,3.7
N_csp,N_csp_N8_0010_bicyclic-4-6,/Users/akapulco/polyN/structures_externes/N_csp/xyz/N8_0010_bicyclic-4-6.xyz,8,bicyclic-4-6,0,0,-78.67711,ok,True,0,0,-78.677109,1e-06,3.8
N_csp,N_csp_N7_0044_ring-4-substituted,/Users/akapulco/polyN/structures_externes/N_csp/xyz/N7_0044_ring-4-substituted.xyz,7,ring-4-substituted,0,1,-78.80184,ok,True,0,0,-78.80184,-0.0,3.2
N_csp,N_csp_N8_0007_bicyclic-5-5,/Users/akapulco/polyN/structures_externes/N_csp/xyz/N8_0007_bicyclic-5-5.xyz,8,bicyclic-5-5,0,0,-78.59173,ok,True,0,0,-78.591733,-3e-06,4.3
N_csp,N_csp_N8_0012_branched-tree,/Users/akapulco/polyN/structures_externes/N_csp/xyz/N8_0012_branched-tree.xyz,8,branched-tree,0,0,-78.73581,ok,True,0,0,-78.735813,-3e-06,4.3
N_csp,N_csp_N8_0004_bicyclic-5-5,/Users/akapulco/polyN/structures_externes/N_csp/xyz/N8_0004_bicyclic-5-5.xyz,8,bicyclic-5-5,0,0,-78.77441,ok,True,0,0,-78.77441,-0.0,4.1
N_csp,N_csp_N7_0039_bicyclic-3-3,/Users/akapulco/polyN/structures_externes/N_csp/xyz/N7_0039_bicyclic-3-3.xyz,7,bicyclic-3-3,0,1,-77.98877,ok,True,1,1,-78.481242,-0.492472,18.5
N_csp,N_csp_N8_0013_ring-4-substituted,/Users/akapulco/polyN/structures_externes/N_csp/xyz/N8_0013_ring-4-substituted.xyz,8,ring-4-substituted,0,0,-78.43642,ok,True,0,0,-78.436416,4e-06,3.1
N_csp,N_csp_N8_0009_bicyclic-3-4,/Users/akapulco/polyN/structures_externes/N_csp/xyz/N8_0009_bicyclic-3-4.xyz,8,bicyclic-3-4,0,0,-78.77441,ok,True,0,0,-78.77441,-0.0,4.1
N_csp,N_csp_N8_0008_ring-4-substituted,/Users/akapulco/polyN/structures_externes/N_csp/xyz/N8_0008_ring-4-substituted.xyz,8,ring-4-substituted,0,0,-78.77432,ok,True,0,0,-78.774321,-1e-06,4.2
N_csp,N_csp_N8_0017_bicyclic-3-6,/Users/akapulco/polyN/structures_externes/N_csp/xyz/N8_0017_bicyclic-3-6.xyz,8,bicyclic-3-6,0,0,-78.64434,ok,True,0,0,-78.644337,3e-06,3.8
N_csp,N_csp_N8_0023_ring-5-substituted,/Users/akapulco/polyN/structures_externes/N_csp/xyz/N8_0023_ring-5-substituted.xyz,8,ring-5-substituted,0,0,-78.73049,ok,True,0,0,-78.730495,-5e-06,4.3
N_csp,N_csp_N8_0006_bicyclic-3-5,/Users/akapulco/polyN/structures_externes/N_csp/xyz/N8_0006_bicyclic-3-5.xyz,8,bicyclic-3-5,0,0,-78.44789,ok,True,0,0,-78.447886,4e-06,5.3
N_csp,N_csp_N8_0024_bicyclic-5-6,/Users/akapulco/polyN/structures_externes/N_csp/xyz/N8_0024_bicyclic-5-6.xyz,8,bicyclic-5-6,0,0,-78.98318,ok,True,0,0,-78.983177,3e-06,3.9
N_csp,N_csp_N8_0027_bicyclic-3-4,/Users/akapulco/polyN/structures_externes/N_csp/xyz/N8_0027_bicyclic-3-4.xyz,8,bicyclic-3-4,0,0,-78.91831,ok,True,0,0,-78.918308,2e-06,4.3
N_csp,N_csp_N8_0020_ring-5-substituted,/Users/akapulco/polyN/structures_externes/N_csp/xyz/N8_0020_ring-5-substituted.xyz,8,ring-5-substituted,0,0,-78.77432,ok,True,0,0,-78.774321,-1e-06,4.0
N_csp,N_csp_N8_0014_ring-5-substituted,/Users/akapulco/polyN/structures_externes/N_csp/xyz/N8_0014_ring-5-substituted.xyz,8,ring-5-substituted,0,0,-78.44789,ok,True,0,0,-78.447886,4e-06,5.1
N_csp,N_csp_N8_0021_ring-4-substituted,/Users/akapulco/polyN/structures_externes/N_csp/xyz/N8_0021_ring-4-substituted.xyz,8,ring-4-substituted,0,0,-78.42503,ok,True,0,0,-78.425026,4e-06,4.0
N_csp,N_csp_N8_0019_ring-3-substituted,/Users/akapulco/polyN/structures_externes/N_csp/xyz/N8_0019_ring-3-substituted.xyz,8,ring-3-substituted,0,0,-78.92708,ok,True,0,0,-78.927079,1e-06,4.2
N_csp,N_csp_N8_0022_ring-4-substituted,/Users/akapulco/polyN/structures_externes/N_csp/xyz/N8_0022_ring-4-substituted.xyz,8,ring-4-substituted,0,0,-78.77432,ok,True,0,0,-78.774321,-1e-06,4.2
N_csp,N_csp_N8_0039_bicyclic-3-4-4,/Users/akapulco/polyN/structures_externes/N_csp/xyz/N8_0039_bicyclic-3-4-4.xyz,8,bicyclic-3-4-4,0,0,-78.11745,ok,True,0,0,-78.117447,3e-06,3.8
N_csp,N_csp_N8_0034_bicyclic-3-3-5,/Users/akapulco/polyN/structures_externes/N_csp/xyz/N8_0034_bicyclic-3-3-5.xyz,8,bicyclic-3-3-5,0,0,-78.98318,ok,True,0,0,-78.983177,3e-06,3.9
N_csp,N_csp_N8_0038_chain,/Users/akapulco/polyN/structures_externes/N_csp/xyz/N8_0038_chain.xyz,8,chain,0,0,-78.87751,ok,True,0,0,-78.877513,-3e-06,4.5
N_csp,N_csp_N8_0025_branched-tree,/Users/akapulco/polyN/structures_externes/N_csp/xyz/N8_0025_branched-tree.xyz,8,branched-tree,0,0,-78.77432,ok,True,0,0,-78.774321,-1e-06,4.0
N_csp,N_csp_N8_0040_bicyclic-3-4,/Users/akapulco/polyN/structures_externes/N_csp/xyz/N8_0040_bicyclic-3-4.xyz,8,bicyclic-3-4,0,0,-78.98318,ok,True,0,0,-78.983177,3e-06,3.9
N_csp,N_csp_N8_0041_bicyclic-3-4-6,/Users/akapulco/polyN/structures_externes/N_csp/xyz/N8_0041_bicyclic-3-4-6.xyz,8,bicyclic-3-4-6,0,0,-78.67711,ok,True,0,0,-78.677109,1e-06,3.8
N_csp,N_csp_N8_0037_branched-tree,/Users/akapulco/polyN/structures_externes/N_csp/xyz/N8_0037_branched-tree.xyz,8,branched-tree,0,0,-78.43712,ok,True,0,0,-78.437119,1e-06,2.9
N_csp,N_csp_N8_0018_ring-4-substituted,/Users/akapulco/polyN/structures_externes/N_csp/xyz/N8_0018_ring-4-substituted.xyz,8,ring-4-substituted,0,0,-78.49291,ok,True,1,1,-78.579698,-0.086788,13.9
N_csp,N_csp_N8_0061_bicyclic-3-3-5-6,/Users/akapulco/polyN/structures_externes/N_csp/xyz/N8_0061_bicyclic-3-3-5-6.xyz,8,bicyclic-3-3-5-6,0,0,-78.28261,ok,True,0,0,-78.282613,-3e-06,3.4
N_csp,N_csp_N8_0032_bicyclic-3-5-6,/Users/akapulco/polyN/structures_externes/N_csp/xyz/N8_0032_bicyclic-3-5-6.xyz,8,bicyclic-3-5-6,0,0,-78.23116,ok,True,1,2,-78.672538,-0.441378,11.6
N_csp,N_csp_N8_0062_bicyclic-3-4-5,/Users/akapulco/polyN/structures_externes/N_csp/xyz/N8_0062_bicyclic-3-4-5.xyz,8,bicyclic-3-4-5,0,0,-78.67711,ok,True,0,0,-78.677109,1e-06,3.9
N_csp,N_csp_N8_0054_ring-7-substituted,/Users/akapulco/polyN/structures_externes/N_csp/xyz/N8_0054_ring-7-substituted.xyz,8,ring-7-substituted,0,0,-78.91831,ok,True,0,0,-78.918308,2e-06,4.3
N_csp,N_csp_N8_0059_bicyclic-3-6,/Users/akapulco/polyN/structures_externes/N_csp/xyz/N8_0059_bicyclic-3-6.xyz,8,bicyclic-3-6,0,0,-78.55741,ok,True,0,0,-78.55741,-0.0,4.2
N_csp,N_csp_N8_0053_bicyclic-3-3,/Users/akapulco/polyN/structures_externes/N_csp/xyz/N8_0053_bicyclic-3-3.xyz,8,bicyclic-3-3,0,0,-78.16078,ok,True,1,2,-78.242559,-0.081779,10.7
N_csp,N_csp_N8_0066_bicyclic-3-4-5,/Users/akapulco/polyN/structures_externes/N_csp/xyz/N8_0066_bicyclic-3-4-5.xyz,8,bicyclic-3-4-5,0,0,-78.59,ok,True,0,0,-78.590005,-5e-06,4.4
N_csp,N_csp_N8_0065_bicyclic-3-5,/Users/akapulco/polyN/structures_externes/N_csp/xyz/N8_0065_bicyclic-3-5.xyz,8,bicyclic-3-5,0,0,-78.59173,ok,True,0,0,-78.591733,-3e-06,4.3
N_csp,N_csp_N8_0049_bicyclic-3-4,/Users/akapulco/polyN/structures_externes/N_csp/xyz/N8_0049_bicyclic-3-4.xyz,8,bicyclic-3-4,0,0,-78.52752,ok,True,0,0,-78.527525,-5e-06,4.3
N_csp,N_csp_N8_0064_bicyclic-4-4-4,/Users/akapulco/polyN/structures_externes/N_csp/xyz/N8_0064_bicyclic-4-4-4.xyz,8,bicyclic-4-4-4,0,0,-78.38803,ok,True,1,3,-78.677109,-0.289079,9.9
N_csp,N_csp_N8_0073_bicyclic-3-4-5,/Users/akapulco/polyN/structures_externes/N_csp/xyz/N8_0073_bicyclic-3-4-5.xyz,8,bicyclic-3-4-5,0,0,-78.98318,ok,True,0,0,-78.983177,3e-06,3.7
N_csp,N_csp_N8_0063_branched-tree,/Users/akapulco/polyN/structures_externes/N_csp/xyz/N8_0063_branched-tree.xyz,8,branched-tree,0,0,-78.88463,ok,True,0,0,-78.884626,4e-06,4.3
N_csp,N_csp_N8_0079_bicyclic-3-4-5,/Users/akapulco/polyN/structures_externes/N_csp/xyz/N8_0079_bicyclic-3-4-5.xyz,8,bicyclic-3-4-5,0,0,-78.67254,ok,True,0,0,-78.672538,2e-06,3.6
N_csp,N_csp_N8_0075_bicyclic-3-4,/Users/akapulco/polyN/structures_externes/N_csp/xyz/N8_0075_bicyclic-3-4.xyz,8,bicyclic-3-4,0,0,-78.91831,ok,True,0,0,-78.918308,2e-06,4.2
N_csp,N_csp_N8_0076_ring-6-substituted,/Users/akapulco/polyN/structures_externes/N_csp/xyz/N8_0076_ring-6-substituted.xyz,8,ring-6-substituted,0,0,-78.88463,ok,True,0,0,-78.884626,4e-06,4.4
N_csp,N_csp_N8_0052_ring-4-substituted,/Users/akapulco/polyN/structures_externes/N_csp/xyz/N8_0052_ring-4-substituted.xyz,8,ring-4-substituted,0,0,-78.48207,ok,True,1,2,-78.735813,-0.253743,14.8
N_csp,N_csp_N8_0081_bicyclic-3-4-4,/Users/akapulco/polyN/structures_externes/N_csp/xyz/N8_0081_bicyclic-3-4-4.xyz,8,bicyclic-3-4-4,0,0,-78.98318,ok,True,0,0,-78.983177,3e-06,3.8
N_csp,N_csp_N8_0031_bicyclic-4-4-6,/Users/akapulco/polyN/structures_externes/N_csp/xyz/N8_0031_bicyclic-4-4-6.xyz,8,bicyclic-4-4-6,0,0,-78.31259,ok,True,1,2,-78.590005,-0.277415,25.0
N_csp,N_csp_N8_0068_bicyclic-3-3,/Users/akapulco/polyN/structures_externes/N_csp/xyz/N8_0068_bicyclic-3-3.xyz,8,bicyclic-3-3,0,0,-78.20929,ok,True,0,0,-78.209291,-1e-06,4.2
N_csp,N_csp_N8_0074_ring-4-substituted,/Users/akapulco/polyN/structures_externes/N_csp/xyz/N8_0074_ring-4-substituted.xyz,8,ring-4-substituted,0,0,-78.91831,ok,True,0,0,-78.918308,2e-06,4.2
N_csp,N_csp_N8_0085_bicyclic-3-5,/Users/akapulco/polyN/structures_externes/N_csp/xyz/N8_0085_bicyclic-3-5.xyz,8,bicyclic-3-5,0,0,-78.98318,ok,True,0,0,-78.983177,3e-06,3.9
N_csp,N_csp_N8_0088_bicyclic-3-3-6,/Users/akapulco/polyN/structures_externes/N_csp/xyz/N8_0088_bicyclic-3-3-6.xyz,8,bicyclic-3-3-6,0,0,-78.70644,ok,True,0,0,-78.706437,3e-06,3.8
N_csp,N_csp_N8_0082_bicyclic-3-4-4-5,/Users/akapulco/polyN/structures_externes/N_csp/xyz/N8_0082_bicyclic-3-4-4-5.xyz,8,bicyclic-3-4-4-5,0,0,-78.64434,ok,True,0,0,-78.644336,4e-06,3.9
N_csp,N_csp_N8_0080_bicyclic-3-4,/Users/akapulco/polyN/structures_externes/N_csp/xyz/N8_0080_bicyclic-3-4.xyz,8,bicyclic-3-4,0,0,-78.91831,ok,True,0,0,-78.918308,2e-06,4.4
N_csp,N_csp_N8_0091_ring-4-substituted,/Users/akapulco/polyN/structures_externes/N_csp/xyz/N8_0091_ring-4-substituted.xyz,8,ring-4-substituted,0,0,-78.40927,ok,True,0,0,-78.409268,2e-06,4.3
N_csp,N_csp_N8_0097_bicyclic-3-4,/Users/akapulco/polyN/structures_externes/N_csp/xyz/N8_0097_bicyclic-3-4.xyz,8,bicyclic-3-4,0,0,-78.46795,ok,True,0,0,-78.467948,2e-06,3.9
N_csp,N_csp_N8_0095_ring-4-substituted,/Users/akapulco/polyN/structures_externes/N_csp/xyz/N8_0095_ring-4-substituted.xyz,8,ring-4-substituted,0,0,-78.42503,ok,True,0,0,-78.425026,4e-06,4.0
N_csp,N_csp_N8_0086_ring-6-substituted,/Users/akapulco/polyN/structures_externes/N_csp/xyz/N8_0086_ring-6-substituted.xyz,8,ring-6-substituted,0,0,-78.64434,ok,True,0,0,-78.644337,3e-06,3.7
N_csp,N_csp_N8_0099_bicyclic-4-5-5,/Users/akapulco/polyN/structures_externes/N_csp/xyz/N8_0099_bicyclic-4-5-5.xyz,8,bicyclic-4-5-5,0,0,-78.59,ok,True,0,0,-78.590005,-5e-06,4.3
N_csp,N_csp_N8_0098_bicyclic-3-5,/Users/akapulco/polyN/structures_externes/N_csp/xyz/N8_0098_bicyclic-3-5.xyz,8,bicyclic-3-5,0,0,-78.47652,ok,True,0,0,-78.476518,2e-06,3.7
N_csp,N_csp_N8_0083_ring-5-substituted,/Users/akapulco/polyN/structures_externes/N_csp/xyz/N8_0083_ring-5-substituted.xyz,8,ring-5-substituted,0,0,-78.97113,ok,True,1,1,-78.983177,-0.012047,10.6
N_csp,N_csp_N9_0002_bicyclic-5-5,/Users/akapulco/polyN/structures_externes/N_csp/xyz/N9_0002_bicyclic-5-5.xyz,9,bicyclic-5-5,0,1,-78.60377,ok,True,0,0,-78.603773,-3e-06,5.6
N_csp,N_csp_N8_0045_bicyclic-3-3,/Users/akapulco/polyN/structures_externes/N_csp/xyz/N8_0045_bicyclic-3-3.xyz,8,bicyclic-3-3,0,0,-78.124,ok,True,1,1,-78.12717,-0.00317,27.0
N_csp,N_csp_N9_0012_ring-3-substituted,/Users/akapulco/polyN/structures_externes/N_csp/xyz/N9_0012_ring-3-substituted.xyz,9,ring-3-substituted,0,1,-78.84264,ok,True,0,0,-78.842642,-2e-06,5.7
N_csp,N_csp_N9_0009_bicyclic-5-5,/Users/akapulco/polyN/structures_externes/N_csp/xyz/N9_0009_bicyclic-5-5.xyz,9,bicyclic-5-5,0,1,-78.73603,ok,True,0,0,-78.736032,-2e-06,5.9
N_csp,N_csp_N9_0013_ring-4-substituted,/Users/akapulco/polyN/structures_externes/N_csp/xyz/N9_0013_ring-4-substituted.xyz,9,ring-4-substituted,0,1,-78.82936,ok,True,0,0,-78.82936,0.0,5.3
N_csp,N_csp_N9_0003_ring-3-substituted,/Users/akapulco/polyN/structures_externes/N_csp/xyz/N9_0003_ring-3-substituted.xyz,9,ring-3-substituted,0,1,-78.72558,ok,True,0,0,-78.725582,-2e-06,5.0
N_csp,N_csp_N9_0014_ring-6-substituted,/Users/akapulco/polyN/structures_externes/N_csp/xyz/N9_0014_ring-6-substituted.xyz,9,ring-6-substituted,0,1,-78.78206,ok,True,0,0,-78.782061,-1e-06,5.2
N_csp,N_csp_N9_0007_bicyclic-3-4,/Users/akapulco/polyN/structures_externes/N_csp/xyz/N9_0007_bicyclic-3-4.xyz,9,bicyclic-3-4,0,1,-78.64812,ok,True,0,0,-78.648122,-2e-06,4.8
N_csp,N_csp_N9_0015_ring-3-substituted,/Users/akapulco/polyN/structures_externes/N_csp/xyz/N9_0015_ring-3-substituted.xyz,9,ring-3-substituted,0,1,-78.54613,ok,True,0,0,-78.546127,3e-06,5.1
N_csp,N_csp_N9_0005_ring-3-substituted,/Users/akapulco/polyN/structures_externes/N_csp/xyz/N9_0005_ring-3-substituted.xyz,9,ring-3-substituted,0,1,-78.65126,ok,True,0,0,-78.651256,4e-06,6.8
N_csp,N_csp_N9_0017_ring-3-substituted,/Users/akapulco/polyN/structures_externes/N_csp/xyz/N9_0017_ring-3-substituted.xyz,9,ring-3-substituted,0,1,-78.72523,ok,True,0,0,-78.725227,3e-06,4.9
N_csp,N_csp_N9_0010_branched-tree,/Users/akapulco/polyN/structures_externes/N_csp/xyz/N9_0010_branched-tree.xyz,9,branched-tree,0,1,-78.72523,ok,True,0,0,-78.725227,3e-06,5.0
N_csp,N_csp_N9_0016_bicyclic-4-4,/Users/akapulco/polyN/structures_externes/N_csp/xyz/N9_0016_bicyclic-4-4.xyz,9,bicyclic-4-4,0,1,-78.58223,ok,True,0,0,-78.582233,-3e-06,4.8
N_csp,N_csp_N9_0018_bicyclic-3-7,/Users/akapulco/polyN/structures_externes/N_csp/xyz/N9_0018_bicyclic-3-7.xyz,9,bicyclic-3-7,0,1,-78.72523,ok,True,0,0,-78.725227,3e-06,5.0
N_csp,N_csp_N9_0020_bicyclic-3-3,/Users/akapulco/polyN/structures_externes/N_csp/xyz/N9_0020_bicyclic-3-3.xyz,9,bicyclic-3-3,0,1,-78.359,ok,True,0,0,-78.358999,1e-06,5.4
N_csp,N_csp_N9_0028_bicyclic-4-4-4,/Users/akapulco/polyN/structures_externes/N_csp/xyz/N9_0028_bicyclic-4-4-4.xyz,9,bicyclic-4-4-4,0,1,-78.80487,ok,True,0,0,-78.804872,-2e-06,5.3
N_csp,N_csp_N9_0027_bicyclic-3-5,/Users/akapulco/polyN/structures_externes/N_csp/xyz/N9_0027_bicyclic-3-5.xyz,9,bicyclic-3-5,0,1,-78.83097,ok,True,0,0,-78.830974,-4e-06,5.2
N_csp,N_csp_N9_0025_bicyclic-4-6,/Users/akapulco/polyN/structures_externes/N_csp/xyz/N9_0025_bicyclic-4-6.xyz,9,bicyclic-4-6,0,1,-78.83754,ok,True,0,0,-78.837537,3e-06,5.4
N_csp,N_csp_N9_0031_bicyclic-3-4,/Users/akapulco/polyN/structures_externes/N_csp/xyz/N9_0031_bicyclic-3-4.xyz,9,bicyclic-3-4,0,1,-78.6064,ok,True,0,0,-78.606405,-5e-06,4.9
N_csp,N_csp_N9_0034_bicyclic-3-3,/Users/akapulco/polyN/structures_externes/N_csp/xyz/N9_0034_bicyclic-3-3.xyz,9,bicyclic-3-3,0,1,-78.81696,ok,True,0,0,-78.81696,0.0,5.4
N_csp,N_csp_N9_0021_branched-tree,/Users/akapulco/polyN/structures_externes/N_csp/xyz/N9_0021_branched-tree.xyz,9,branched-tree,0,1,-78.54849,ok,True,0,0,-78.548486,4e-06,5.0
N_csp,N_csp_N9_0024_ring-4-substituted,/Users/akapulco/polyN/structures_externes/N_csp/xyz/N9_0024_ring-4-substituted.xyz,9,ring-4-substituted,0,1,-78.54849,ok,True,0,0,-78.548486,4e-06,5.0
N_csp,N_csp_N9_0038_ring-4-substituted,/Users/akapulco/polyN/structures_externes/N_csp/xyz/N9_0038_ring-4-substituted.xyz,9,ring-4-substituted,0,1,-78.72913,ok,True,0,0,-78.729133,-3e-06,5.1
N_csp,N_csp_N9_0023_ring-3-substituted,/Users/akapulco/polyN/structures_externes/N_csp/xyz/N9_0023_ring-3-substituted.xyz,9,ring-3-substituted,0,1,-78.69469,ok,True,0,0,-78.694688,2e-06,8.3
N_csp,N_csp_N9_0036_branched-tree,/Users/akapulco/polyN/structures_externes/N_csp/xyz/N9_0036_branched-tree.xyz,9,branched-tree,0,1,-78.54849,ok,True,0,0,-78.548486,4e-06,5.0
N_csp,N_csp_N9_0041_bicyclic-3-4,/Users/akapulco/polyN/structures_externes/N_csp/xyz/N9_0041_bicyclic-3-4.xyz,9,bicyclic-3-4,0,1,-78.89287,ok,True,0,0,-78.892872,-2e-06,4.6
N_csp,N_csp_N9_0030_ring-3-substituted,/Users/akapulco/polyN/structures_externes/N_csp/xyz/N9_0030_ring-3-substituted.xyz,9,ring-3-substituted,0,1,-78.72547,ok,True,0,0,-78.725467,3e-06,5.2
N_csp,N_csp_N9_0042_ring-5-substituted,/Users/akapulco/polyN/structures_externes/N_csp/xyz/N9_0042_ring-5-substituted.xyz,9,ring-5-substituted,0,1,-78.89632,ok,True,0,0,-78.896319,1e-06,4.5
N_csp,N_csp_N9_0039_ring-3-substituted,/Users/akapulco/polyN/structures_externes/N_csp/xyz/N9_0039_ring-3-substituted.xyz,9,ring-3-substituted,0,1,-78.70542,ok,True,0,0,-78.705423,-3e-06,5.9
N_csp,N_csp_N9_0019_ring-4-substituted,/Users/akapulco/polyN/structures_externes/N_csp/xyz/N9_0019_ring-4-substituted.xyz,9,ring-4-substituted,0,1,-78.56982,ok,True,1,2,-78.607687,-0.037867,18.5
N_csp,N_csp_N9_0044_ring-4-substituted,/Users/akapulco/polyN/structures_externes/N_csp/xyz/N9_0044_ring-4-substituted.xyz,9,ring-4-substituted,0,1,-78.83754,ok,True,0,0,-78.837537,3e-06,5.5
N_csp,N_csp_N9_0037_bicyclic-5-5-5-5,/Users/akapulco/polyN/structures_externes/N_csp/xyz/N9_0037_bicyclic-5-5-5-5.xyz,9,bicyclic-5-5-5-5,0,1,-78.64813,ok,True,0,0,-78.648127,3e-06,4.8
N_csp,N_csp_N9_0053_bicyclic-3-5,/Users/akapulco/polyN/structures_externes/N_csp/xyz/N9_0053_bicyclic-3-5.xyz,9,bicyclic-3-5,0,1,-78.89287,ok,True,0,0,-78.892872,-2e-06,4.5
N_csp,N_csp_N9_0054_bicyclic-3-4,/Users/akapulco/polyN/structures_externes/N_csp/xyz/N9_0054_bicyclic-3-4.xyz,9,bicyclic-3-4,0,1,-78.62724,ok,True,0,0,-78.62724,-0.0,5.2
N_csp,N_csp_N9_0046_bicyclic-3-5,/Users/akapulco/polyN/structures_externes/N_csp/xyz/N9_0046_bicyclic-3-5.xyz,9,bicyclic-3-5,0,1,-78.28621,ok,True,0,0,-78.286214,-4e-06,5.7
N_csp,N_csp_N9_0045_bicyclic-3-5,/Users/akapulco/polyN/structures_externes/N_csp/xyz/N9_0045_bicyclic-3-5.xyz,9,bicyclic-3-5,0,1,-78.72523,ok,True,0,0,-78.725227,3e-06,4.8
N_csp,N_csp_N9_0047_bicyclic-3-4,/Users/akapulco/polyN/structures_externes/N_csp/xyz/N9_0047_bicyclic-3-4.xyz,9,bicyclic-3-4,0,1,-78.70542,ok,True,0,0,-78.705423,-3e-06,6.2
N_csp,N_csp_N9_0062_bicyclic-4-4,/Users/akapulco/polyN/structures_externes/N_csp/xyz/N9_0062_bicyclic-4-4.xyz,9,bicyclic-4-4,0,1,-78.58223,ok,True,0,0,-78.582233,-3e-06,5.1
N_csp,N_csp_N9_0055_ring-4-substituted,/Users/akapulco/polyN/structures_externes/N_csp/xyz/N9_0055_ring-4-substituted.xyz,9,ring-4-substituted,0,1,-78.60377,ok,True,0,0,-78.603773,-3e-06,5.8
N_csp,N_csp_N9_0056_ring-4-substituted,/Users/akapulco/polyN/structures_externes/N_csp/xyz/N9_0056_ring-4-substituted.xyz,9,ring-4-substituted,0,1,-78.54849,ok,True,0,0,-78.548486,4e-06,5.0
N_csp,N_csp_N9_0043_bicyclic-3-3-4,/Users/akapulco/polyN/structures_externes/N_csp/xyz/N9_0043_bicyclic-3-3-4.xyz,9,bicyclic-3-3-4,0,1,-78.56037,ok,True,0,0,-78.560374,-4e-06,5.9
N_csp,N_csp_N9_0052_ring-4-substituted,/Users/akapulco/polyN/structures_externes/N_csp/xyz/N9_0052_ring-4-substituted.xyz,9,ring-4-substituted,0,1,-78.58433,ok,True,0,0,-78.584333,-3e-06,5.1
N_csp,N_csp_N9_0063_ring-3-substituted,/Users/akapulco/polyN/structures_externes/N_csp/xyz/N9_0063_ring-3-substituted.xyz,9,ring-3-substituted,0,1,-78.54613,ok,True,0,0,-78.546127,3e-06,5.3
N_csp,N_csp_N9_0067_bicyclic-3-3-5-5,/Users/akapulco/polyN/structures_externes/N_csp/xyz/N9_0067_bicyclic-3-3-5-5.xyz,9,bicyclic-3-3-5-5,0,1,-78.45257,ok,True,1,1,-78.489373,-0.036803,9.6
N_csp,N_csp_N9_0069_bicyclic-5-6,/Users/akapulco/polyN/structures_externes/N_csp/xyz/N9_0069_bicyclic-5-6.xyz,9,bicyclic-5-6,0,1,-78.54778,ok,True,0,0,-78.547778,2e-06,5.2
N_csp,N_csp_N9_0040_bicyclic-4-4-4,/Users/akapulco/polyN/structures_externes/N_csp/xyz/N9_0040_bicyclic-4-4-4.xyz,9,bicyclic-4-4-4,0,1,-78.28552,ok,True,1,1,-78.457453,-0.171933,18.5
N_csp,N_csp_N9_0079_bicyclic-3-3-4,/Users/akapulco/polyN/structures_externes/N_csp/xyz/N9_0079_bicyclic-3-3-4.xyz,9,bicyclic-3-3-4,0,1,-78.89632,ok,True,0,0,-78.896319,1e-06,4.8
N_csp,N_csp_N9_0073_bicyclic-3-5-6,/Users/akapulco/polyN/structures_externes/N_csp/xyz/N9_0073_bicyclic-3-5-6.xyz,9,bicyclic-3-5-6,0,1,-78.45257,ok,True,1,1,-78.489373,-0.036803,9.5
N_csp,N_csp_N9_0070_bicyclic-3-5-6,/Users/akapulco/polyN/structures_externes/N_csp/xyz/N9_0070_bicyclic-3-5-6.xyz,9,bicyclic-3-5-6,0,1,-78.64782,ok,True,0,0,-78.647824,-4e-06,4.6
N_csp,N_csp_N9_0075_bicyclic-3-3,/Users/akapulco/polyN/structures_externes/N_csp/xyz/N9_0075_bicyclic-3-3.xyz,9,bicyclic-3-3,0,1,-78.72558,ok,True,0,0,-78.725582,-2e-06,4.9
N_csp,N_csp_N9_0065_ring-5-substituted,/Users/akapulco/polyN/structures_externes/N_csp/xyz/N9_0065_ring-5-substituted.xyz,9,ring-5-substituted,0,1,-78.87186,ok,True,1,1,-78.892872,-0.021012,14.0
N_csp,N_csp_N9_0080_bicyclic-3-5,/Users/akapulco/polyN/structures_externes/N_csp/xyz/N9_0080_bicyclic-3-5.xyz,9,bicyclic-3-5,0,1,-78.71516,ok,True,0,0,-78.715162,-2e-06,4.8
N_csp,N_csp_N9_0082_bicyclic-3-6-7,/Users/akapulco/polyN/structures_externes/N_csp/xyz/N9_0082_bicyclic-3-6-7.xyz,9,bicyclic-3-6-7,0,1,-78.78206,ok,True,0,0,-78.782061,-1e-06,5.2
N_csp,N_csp_N9_0085_bicyclic-4-4-5,/Users/akapulco/polyN/structures_externes/N_csp/xyz/N9_0085_bicyclic-4-4-5.xyz,9,bicyclic-4-4-5,0,1,-78.42845,ok,True,0,0,-78.428446,4e-06,4.7
N_csp,N_csp_N9_0077_bicyclic-3-5,/Users/akapulco/polyN/structures_externes/N_csp/xyz/N9_0077_bicyclic-3-5.xyz,9,bicyclic-3-5,0,1,-78.64852,ok,True,0,0,-78.648524,-4e-06,4.6
N_csp,N_csp_N9_0088_bicyclic-3-4,/Users/akapulco/polyN/structures_externes/N_csp/xyz/N9_0088_bicyclic-3-4.xyz,9,bicyclic-3-4,0,1,-78.72547,ok,True,0,0,-78.725467,3e-06,4.9
N_csp,N_csp_N9_0087_ring-5-substituted,/Users/akapulco/polyN/structures_externes/N_csp/xyz/N9_0087_ring-5-substituted.xyz,9,ring-5-substituted,0,1,-78.83097,ok,True,0,0,-78.830974,-4e-06,5.4
N_csp,N_csp_N9_0096_ring-5-substituted,/Users/akapulco/polyN/structures_externes/N_csp/xyz/N9_0096_ring-5-substituted.xyz,9,ring-5-substituted,0,1,-78.7124,ok,True,0,0,-78.712403,-3e-06,5.3
N_csp,N_csp_N9_0095_bicyclic-3-3,/Users/akapulco/polyN/structures_externes/N_csp/xyz/N9_0095_bicyclic-3-3.xyz,9,bicyclic-3-3,0,1,-78.81696,ok,True,0,0,-78.81696,0.0,5.5
N_csp,N_csp_N9_0084_branched-tree,/Users/akapulco/polyN/structures_externes/N_csp/xyz/N9_0084_branched-tree.xyz,9,branched-tree,0,1,-78.72913,ok,True,0,0,-78.729133,-3e-06,5.2
N_csp,N_csp_N9_0093_ring-5-substituted,/Users/akapulco/polyN/structures_externes/N_csp/xyz/N9_0093_ring-5-substituted.xyz,9,ring-5-substituted,0,1,-78.82644,ok,True,0,0,-78.826441,-1e-06,5.3
N_csp,N_csp_N9_0094_ring-5-substituted,/Users/akapulco/polyN/structures_externes/N_csp/xyz/N9_0094_ring-5-substituted.xyz,9,ring-5-substituted,0,1,-78.72523,ok,True,0,0,-78.725227,3e-06,4.9
N_csp,N_csp_N9_0086_ring-3-substituted,/Users/akapulco/polyN/structures_externes/N_csp/xyz/N9_0086_ring-3-substituted.xyz,9,ring-3-substituted,0,1,-78.72523,ok,True,0,0,-78.725227,3e-06,4.9
N_csp,N_csp_N10_0002_bicyclic-3-5,/Users/akapulco/polyN/structures_externes/N_csp/xyz/N10_0002_bicyclic-3-5.xyz,10,bicyclic-3-5,0,0,-78.54261,ok,True,0,0,-78.542614,-4e-06,5.4
N_csp,N_csp_N9_0097_ring-4-substituted,/Users/akapulco/polyN/structures_externes/N_csp/xyz/N9_0097_ring-4-substituted.xyz,9,ring-4-substituted,0,1,-78.84958,ok,True,0,0,-78.849577,3e-06,5.3
N_csp,N_csp_N10_0000_ring-4-substituted,/Users/akapulco/polyN/structures_externes/N_csp/xyz/N10_0000_ring-4-substituted.xyz,10,ring-4-substituted,0,0,-78.90339,ok,True,0,0,-78.90339,0.0,6.5
N_csp,N_csp_N10_0006_ring-5-substituted,/Users/akapulco/polyN/structures_externes/N_csp/xyz/N10_0006_ring-5-substituted.xyz,10,ring-5-substituted,0,0,-78.71045,ok,True,0,0,-78.710452,-2e-06,5.8
N_csp,N_csp_N9_0099_branched-tree,/Users/akapulco/polyN/structures_externes/N_csp/xyz/N9_0099_branched-tree.xyz,9,branched-tree,0,1,-78.70542,ok,True,0,0,-78.705423,-3e-06,6.1
N_csp,N_csp_N10_0008_bicyclic-4-5-5,/Users/akapulco/polyN/structures_externes/N_csp/xyz/N10_0008_bicyclic-4-5-5.xyz,10,bicyclic-4-5-5,0,0,-78.88152,ok,True,0,0,-78.88152,-0.0,5.5
N_csp,N_csp_N10_0009_bicyclic-3-6,/Users/akapulco/polyN/structures_externes/N_csp/xyz/N10_0009_bicyclic-3-6.xyz,10,bicyclic-3-6,0,0,-78.83203,ok,True,0,0,-78.832033,-3e-06,6.0
N_csp,N_csp_N10_0013_bicyclic-5-8,/Users/akapulco/polyN/structures_externes/N_csp/xyz/N10_0013_bicyclic-5-8.xyz,10,bicyclic-5-8,0,0,-78.80511,ok,True,0,0,-78.805106,4e-06,6.0
N_csp,N_csp_N10_0017_bicyclic-3-4-6,/Users/akapulco/polyN/structures_externes/N_csp/xyz/N10_0017_bicyclic-3-4-6.xyz,10,bicyclic-3-4-6,0,0,-78.57435,ok,True,0,0,-78.57435,-0.0,5.6
N_csp,N_csp_N10_0012_bicyclic-3-6,/Users/akapulco/polyN/structures_externes/N_csp/xyz/N10_0012_bicyclic-3-6.xyz,10,bicyclic-3-6,0,0,-78.47254,ok,True,0,0,-78.472543,-3e-06,6.9
N_csp,N_csp_N10_0022_ring-6-substituted,/Users/akapulco/polyN/structures_externes/N_csp/xyz/N10_0022_ring-6-substituted.xyz,10,ring-6-substituted,0,0,-78.90239,ok,True,0,0,-78.90239,-0.0,6.5
N_csp,N_csp_N10_0003_bicyclic-3-4,/Users/akapulco/polyN/structures_externes/N_csp/xyz/N10_0003_bicyclic-3-4.xyz,10,bicyclic-3-4,0,0,-78.67255,ok,True,0,0,-78.67255,0.0,5.8
N_csp,N_csp_N10_0027_bicyclic-3-4,/Users/akapulco/polyN/structures_externes/N_csp/xyz/N10_0027_bicyclic-3-4.xyz,10,bicyclic-3-4,0,0,-78.54689,ok,True,0,0,-78.546892,-2e-06,5.7
N_csp,N_csp_N10_0019_ring-3-substituted,/Users/akapulco/polyN/structures_externes/N_csp/xyz/N10_0019_ring-3-substituted.xyz,10,ring-3-substituted,0,0,-78.72788,ok,True,0,0,-78.727876,4e-06,6.1
N_csp,N_csp_N10_0021_ring-5-substituted,/Users/akapulco/polyN/structures_externes/N_csp/xyz/N10_0021_ring-5-substituted.xyz,10,ring-5-substituted,0,0,-78.88152,ok,True,0,0,-78.88152,-0.0,5.4
N_csp,N_csp_N10_0028_ring-4-substituted,/Users/akapulco/polyN/structures_externes/N_csp/xyz/N10_0028_ring-4-substituted.xyz,10,ring-4-substituted,0,0,-78.86863,ok,True,0,0,-78.868635,-5e-06,6.1
N_csp,N_csp_N10_0032_branched-tree,/Users/akapulco/polyN/structures_externes/N_csp/xyz/N10_0032_branched-tree.xyz,10,branched-tree,0,0,-78.86863,ok,True,0,0,-78.868635,-5e-06,5.9
N_csp,N_csp_N10_0029_bicyclic-3-4-7,/Users/akapulco/polyN/structures_externes/N_csp/xyz/N10_0029_bicyclic-3-4-7.xyz,10,bicyclic-3-4-7,0,0,-78.50649,ok,True,0,0,-78.506487,3e-06,6.0
N_csp,N_csp_N10_0033_ring-5-substituted,/Users/akapulco/polyN/structures_externes/N_csp/xyz/N10_0033_ring-5-substituted.xyz,10,ring-5-substituted,0,0,-78.88152,ok,True,0,0,-78.88152,-0.0,5.5
N_csp,N_csp_N10_0036_bicyclic-3-5-6,/Users/akapulco/polyN/structures_externes/N_csp/xyz/N10_0036_bicyclic-3-5-6.xyz,10,bicyclic-3-5-6,0,0,-78.63079,ok,True,0,0,-78.630785,5e-06,5.2
N_csp,N_csp_N10_0038_bicyclic-3-3,/Users/akapulco/polyN/structures_externes/N_csp/xyz/N10_0038_bicyclic-3-3.xyz,10,bicyclic-3-3,0,0,-78.86254,ok,True,0,0,-78.862539,1e-06,6.2
N_csp,N_csp_N10_0040_branched-tree,/Users/akapulco/polyN/structures_externes/N_csp/xyz/N10_0040_branched-tree.xyz,10,branched-tree,0,0,-78.75191,ok,True,0,0,-78.751909,1e-06,6.4
N_csp,N_csp_N10_0043_bicyclic-3-3,/Users/akapulco/polyN/structures_externes/N_csp/xyz/N10_0043_bicyclic-3-3.xyz,10,bicyclic-3-3,0,0,-78.89959,ok,True,0,0,-78.899588,2e-06,6.5
N_csp,N_csp_N10_0039_branched-tree,/Users/akapulco/polyN/structures_externes/N_csp/xyz/N10_0039_branched-tree.xyz,10,branched-tree,0,0,-78.91327,ok,True,0,0,-78.91327,-0.0,6.4
N_csp,N_csp_N10_0037_ring-5-substituted,/Users/akapulco/polyN/structures_externes/N_csp/xyz/N10_0037_ring-5-substituted.xyz,10,ring-5-substituted,0,0,-78.44951,ok,True,0,0,-78.449509,1e-06,7.2
N_csp,N_csp_N10_0052_bicyclic-3-3,/Users/akapulco/polyN/structures_externes/N_csp/xyz/N10_0052_bicyclic-3-3.xyz,10,bicyclic-3-3,0,0,-78.39936,ok,True,0,0,-78.399364,-4e-06,5.6
N_csp,N_csp_N10_0026_branched-tree,/Users/akapulco/polyN/structures_externes/N_csp/xyz/N10_0026_branched-tree.xyz,10,branched-tree,0,0,-78.7109,ok,True,0,0,-78.710898,2e-06,5.7
N_csp,N_csp_N10_0042_bicyclic-3-4-5,/Users/akapulco/polyN/structures_externes/N_csp/xyz/N10_0042_bicyclic-3-4-5.xyz,10,bicyclic-3-4-5,0,0,-78.63849,ok,True,0,0,-78.638492,-2e-06,5.9
N_csp,N_csp_N10_0050_bicyclic-3-3-4-5,/Users/akapulco/polyN/structures_externes/N_csp/xyz/N10_0050_bicyclic-3-3-4-5.xyz,10,bicyclic-3-3-4-5,0,0,-78.34472,ok,True,0,0,-78.344717,3e-06,5.7
N_csp,N_csp_N10_0053_bicyclic-3-4,/Users/akapulco/polyN/structures_externes/N_csp/xyz/N10_0053_bicyclic-3-4.xyz,10,bicyclic-3-4,0,0,-78.92331,ok,True,0,0,-78.923306,4e-06,6.3
N_csp,N_csp_N10_0049_bicyclic-6-6,/Users/akapulco/polyN/structures_externes/N_csp/xyz/N10_0049_bicyclic-6-6.xyz,10,bicyclic-6-6,0,0,-78.82658,ok,True,0,0,-78.826579,1e-06,6.1
N_csp,N_csp_N10_0047_bicyclic-4-6,/Users/akapulco/polyN/structures_externes/N_csp/xyz/N10_0047_bicyclic-4-6.xyz,10,bicyclic-4-6,0,0,-78.82658,ok,True,0,0,-78.826579,1e-06,6.1
N_csp,N_csp_N10_0070_ring-5-substituted,/Users/akapulco/polyN/structures_externes/N_csp/xyz/N10_0070_ring-5-substituted.xyz,10,ring-5-substituted,0,0,-78.93833,ok,True,0,0,-78.938331,-1e-06,5.7
N_csp,N_csp_N10_0056_bicyclic-3-6,/Users/akapulco/polyN/structures_externes/N_csp/xyz/N10_0056_bicyclic-3-6.xyz,10,bicyclic-3-6,0,0,-78.90239,ok,True,0,0,-78.90239,-0.0,6.7
N_csp,N_csp_N10_0062_bicyclic-3-5,/Users/akapulco/polyN/structures_externes/N_csp/xyz/N10_0062_bicyclic-3-5.xyz,10,bicyclic-3-5,0,0,-78.86254,ok,True,0,0,-78.862539,1e-06,6.1
N_csp,N_csp_N10_0064_ring-4-substituted,/Users/akapulco/polyN/structures_externes/N_csp/xyz/N10_0064_ring-4-substituted.xyz,10,ring-4-substituted,0,0,-78.90339,ok,True,0,0,-78.90339,0.0,6.4
N_csp,N_csp_N10_0048_ring-5-substituted,/Users/akapulco/polyN/structures_externes/N_csp/xyz/N10_0048_ring-5-substituted.xyz,10,ring-5-substituted,0,0,-78.44914,ok,True,0,0,-78.449142,-2e-06,7.3
N_csp,N_csp_N10_0059_bicyclic-3-3-5,/Users/akapulco/polyN/structures_externes/N_csp/xyz/N10_0059_bicyclic-3-3-5.xyz,10,bicyclic-3-3-5,0,0,-78.88152,ok,True,0,0,-78.88152,-0.0,5.4
N_csp,N_csp_N10_0060_ring-3-substituted,/Users/akapulco/polyN/structures_externes/N_csp/xyz/N10_0060_ring-3-substituted.xyz,10,ring-3-substituted,0,0,-78.78964,ok,True,0,0,-78.789638,2e-06,6.2
N_csp,N_csp_N10_0072_ring-4-substituted,/Users/akapulco/polyN/structures_externes/N_csp/xyz/N10_0072_ring-4-substituted.xyz,10,ring-4-substituted,0,0,-78.43836,ok,True,0,0,-78.438365,-5e-06,5.6
N_csp,N_csp_N10_0075_bicyclic-3-5-7,/Users/akapulco/polyN/structures_externes/N_csp/xyz/N10_0075_bicyclic-3-5-7.xyz,10,bicyclic-3-5-7,0,0,-78.88152,ok,True,0,0,-78.88152,-0.0,5.5
N_csp,N_csp_N10_0065_bicyclic-4-5,/Users/akapulco/polyN/structures_externes/N_csp/xyz/N10_0065_bicyclic-4-5.xyz,10,bicyclic-4-5,0,0,-78.55816,ok,True,0,0,-78.558157,3e-06,5.9
N_csp,N_csp_N10_0071_bicyclic-3-6-7,/Users/akapulco/polyN/structures_externes/N_csp/xyz/N10_0071_bicyclic-3-6-7.xyz,10,bicyclic-3-6-7,0,0,-78.78175,ok,True,0,0,-78.781749,1e-06,6.2
N_csp,N_csp_N10_0082_bicyclic-3-5-6,/Users/akapulco/polyN/structures_externes/N_csp/xyz/N10_0082_bicyclic-3-5-6.xyz,10,bicyclic-3-5-6,0,0,-78.8978,ok,True,0,0,-78.897799,1e-06,6.2
N_csp,N_csp_N10_0081_bicyclic-3-3-5,/Users/akapulco/polyN/structures_externes/N_csp/xyz/N10_0081_bicyclic-3-3-5.xyz,10,bicyclic-3-3-5,0,0,-78.63117,ok,True,0,0,-78.631173,-3e-06,6.8
polyN_study,polyN_study_N4_rank000_ring-4_seed1,/Users/akapulco/polyN/structures_externes/polyN_study/xyz/N4_rank000_ring-4_seed1.xyz,4,ring-4,0,0,-77.78993,ok,True,0,0,-77.78993,0.0,1.2
polyN_study,polyN_study_N4_rank001_chain_seed0,/Users/akapulco/polyN/structures_externes/polyN_study/xyz/N4_rank001_chain_seed0.xyz,4,chain,0,0,-77.78993,ok,True,0,0,-77.78993,0.0,1.2
N_csp,N_csp_N10_0078_ring-5-substituted,/Users/akapulco/polyN/structures_externes/N_csp/xyz/N10_0078_ring-5-substituted.xyz,10,ring-5-substituted,0,0,-78.44947,ok,True,0,0,-78.449466,4e-06,7.4
N_csp,N_csp_N10_0084_ring-3-substituted,/Users/akapulco/polyN/structures_externes/N_csp/xyz/N10_0084_ring-3-substituted.xyz,10,ring-3-substituted,0,0,-78.74097,ok,True,0,0,-78.740966,4e-06,6.0
polyN_study,polyN_study_N4_rank002_polycyclic-3-3_seed3,/Users/akapulco/polyN/structures_externes/polyN_study/xyz/N4_rank002_polycyclic-3-3_seed3.xyz,4,polycyclic-3-3,0,0,-77.78993,ok,True,0,0,-77.78993,0.0,1.4
N_csp,N_csp_N10_0089_bicyclic-3-5,/Users/akapulco/polyN/structures_externes/N_csp/xyz/N10_0089_bicyclic-3-5.xyz,10,bicyclic-3-5,0,0,-78.88152,ok,True,0,0,-78.88152,-0.0,5.5
N_csp,N_csp_N10_0083_bicyclic-6-9,/Users/akapulco/polyN/structures_externes/N_csp/xyz/N10_0083_bicyclic-6-9.xyz,10,bicyclic-6-9,0,0,-78.82658,ok,True,0,0,-78.826579,1e-06,6.0
N_csp,N_csp_N10_0092_bicyclic-5-5,/Users/akapulco/polyN/structures_externes/N_csp/xyz/N10_0092_bicyclic-5-5.xyz,10,bicyclic-5-5,0,0,-78.88152,ok,True,0,0,-78.88152,-0.0,5.4
N_csp,N_csp_N10_0087_bicyclic-3-4,/Users/akapulco/polyN/structures_externes/N_csp/xyz/N10_0087_bicyclic-3-4.xyz,10,bicyclic-3-4,0,0,-78.53988,ok,True,0,0,-78.539878,2e-06,5.6
polyN_study,polyN_study_N4_rank005_polycyclic-3-3-3_seed5,/Users/akapulco/polyN/structures_externes/polyN_study/xyz/N4_rank005_polycyclic-3-3-3_seed5.xyz,4,polycyclic-3-3-3,0,0,-78.12615,ok,True,0,0,-78.126145,5e-06,0.9
polyN_study,polyN_study_N4_rank003_ring-3-subst_seed2,/Users/akapulco/polyN/structures_externes/polyN_study/xyz/N4_rank003_ring-3-subst_seed2.xyz,4,ring-3-subst,0,0,-78.42696,ok,True,0,0,-78.426959,1e-06,1.0
polyN_study,polyN_study_N4_rank004_branched-tree_seed4,/Users/akapulco/polyN/structures_externes/polyN_study/xyz/N4_rank004_branched-tree_seed4.xyz,4,branched-tree,0,0,-77.78993,ok,True,0,0,-77.78993,0.0,1.3
N_csp,N_csp_N10_0095_bicyclic-3-4-7,/Users/akapulco/polyN/structures_externes/N_csp/xyz/N10_0095_bicyclic-3-4-7.xyz,10,bicyclic-3-4-7,0,0,-78.52462,ok,True,0,0,-78.524624,-4e-06,6.2
polyN_study,polyN_study_N6_rank001_ring-6_seed1,/Users/akapulco/polyN/structures_externes/polyN_study/xyz/N6_rank001_ring-6_seed1.xyz,6,ring-6,0,0,-78.7087,ok,True,0,0,-78.708703,-3e-06,2.4
polyN_study,polyN_study_N6_rank003_ring-3-subst_seed5,/Users/akapulco/polyN/structures_externes/polyN_study/xyz/N6_rank003_ring-3-subst_seed5.xyz,6,ring-3-subst,0,0,-78.31331,ok,True,0,0,-78.313309,1e-06,2.3
polyN_study,polyN_study_N6_rank002_ring-4-subst_seed3,/Users/akapulco/polyN/structures_externes/polyN_study/xyz/N6_rank002_ring-4-subst_seed3.xyz,6,ring-4-subst,0,0,-78.88277,ok,True,0,0,-78.882773,-3e-06,2.4
polyN_study,polyN_study_N6_rank000_chain_seed0,/Users/akapulco/polyN/structures_externes/polyN_study/xyz/N6_rank000_chain_seed0.xyz,6,chain,0,0,-78.88277,ok,True,0,0,-78.882773,-3e-06,2.4
polyN_study,polyN_study_N6_rank004_polycyclic-3-4_seed4,/Users/akapulco/polyN/structures_externes/polyN_study/xyz/N6_rank004_polycyclic-3-4_seed4.xyz,6,polycyclic-3-4,0,0,-78.88277,ok,True,0,0,-78.882773,-3e-06,2.4
polyN_study,polyN_study_N6_rank005_polycyclic-3-3_seed2,/Users/akapulco/polyN/structures_externes/polyN_study/xyz/N6_rank005_polycyclic-3-3_seed2.xyz,6,polycyclic-3-3,0,0,-78.4853,ok,True,0,0,-78.485304,-4e-06,2.4
polyN_study,polyN_study_trial00028_N4_ring-3-subst,/Users/akapulco/polyN/structures_externes/polyN_study/xyz/trial00028_N4_ring-3-subst.xyz,4,ring-3-subst,0,0,-77.83917,ok,True,0,0,-77.839171,-1e-06,2.0
polyN_study,polyN_study_trial00047_N4_ring-3-subst,/Users/akapulco/polyN/structures_externes/polyN_study/xyz/trial00047_N4_ring-3-subst.xyz,4,ring-3-subst,0,0,-77.83917,ok,True,0,0,-77.839171,-1e-06,2.1
N_csp,N_csp_N10_0093_bicyclic-4-5-5,/Users/akapulco/polyN/structures_externes/N_csp/xyz/N10_0093_bicyclic-4-5-5.xyz,10,bicyclic-4-5-5,0,0,-78.88152,ok,True,0,0,-78.88152,-0.0,5.3
polyN_study,polyN_study_trial00015_N6_chain,/Users/akapulco/polyN/structures_externes/polyN_study/xyz/trial00015_N6_chain.xyz,6,chain,0,0,-78.88277,ok,True,0,0,-78.882773,-3e-06,2.4
polyN_study,polyN_study_trial00086_N4_ring-3-subst,/Users/akapulco/polyN/structures_externes/polyN_study/xyz/trial00086_N4_ring-3-subst.xyz,4,ring-3-subst,0,0,-77.83917,ok,True,0,0,-77.839171,-1e-06,2.0
polyN_study,polyN_study_N8_rank004_polycyclic-3-3_seed4,/Users/akapulco/polyN/structures_externes/polyN_study/xyz/N8_rank004_polycyclic-3-3_seed4.xyz,8,polycyclic-3-3,0,0,-78.59,ok,True,0,0,-78.590005,-5e-06,4.3
polyN_study,polyN_study_trial00035_N8_ring-5-subst,/Users/akapulco/polyN/structures_externes/polyN_study/xyz/trial00035_N8_ring-5-subst.xyz,8,ring-5-subst,0,0,-78.98318,ok,True,0,0,-78.983177,3e-06,4.1
polyN_study,polyN_study_trial00085_N6_chain,/Users/akapulco/polyN/structures_externes/polyN_study/xyz/trial00085_N6_chain.xyz,6,chain,0,0,-78.88277,ok,True,0,0,-78.882773,-3e-06,2.4
polyN_study,polyN_study_trial00134_N6_ring-5-subst,/Users/akapulco/polyN/structures_externes/polyN_study/xyz/trial00134_N6_ring-5-subst.xyz,6,ring-5-subst,0,0,-78.44492,ok,True,0,0,-78.44492,0.0,3.2
polyN_study,polyN_study_trial00190_N4_chain,/Users/akapulco/polyN/structures_externes/polyN_study/xyz/trial00190_N4_chain.xyz,4,chain,0,0,-78.42699,ok,True,0,0,-78.426986,4e-06,1.0
polyN_study,polyN_study_trial00162_N4_ring-4,/Users/akapulco/polyN/structures_externes/polyN_study/xyz/trial00162_N4_ring-4.xyz,4,ring-4,0,0,-77.66908,ok,True,1,1,-77.674767,-0.005687,3.8
polyN_study,polyN_study_trial00102_N4_chain,/Users/akapulco/polyN/structures_externes/polyN_study/xyz/trial00102_N4_chain.xyz,4,chain,0,0,-78.42776,ok,True,0,0,-78.427761,-1e-06,1.0
N_csp,N_csp_N10_0097_ring-7-substituted,/Users/akapulco/polyN/structures_externes/N_csp/xyz/N10_0097_ring-7-substituted.xyz,10,ring-7-substituted,0,0,-78.80137,ok,True,0,0,-78.801365,5e-06,5.8
polyN_study,polyN_study_trial00203_N4_ring-3-subst,/Users/akapulco/polyN/structures_externes/polyN_study/xyz/trial00203_N4_ring-3-subst.xyz,4,ring-3-subst,0,0,-77.83917,ok,True,0,0,-77.839171,-1e-06,2.0
polyN_study,polyN_study_trial00206_N4_ring-3-subst,/Users/akapulco/polyN/structures_externes/polyN_study/xyz/trial00206_N4_ring-3-subst.xyz,4,ring-3-subst,0,0,-77.83917,ok,True,0,0,-77.839171,-1e-06,1.9
polyN_study,polyN_study_trial00143_N8_chain,/Users/akapulco/polyN/structures_externes/polyN_study/xyz/trial00143_N8_chain.xyz,8,chain,0,0,-78.87242,ok,True,0,0,-78.872422,-2e-06,4.4
polyN_study,polyN_study_trial00233_N4_ring-3-subst,/Users/akapulco/polyN/structures_externes/polyN_study/xyz/trial00233_N4_ring-3-subst.xyz,4,ring-3-subst,0,0,-77.83917,ok,True,0,0,-77.839171,-1e-06,2.0
polyN_study,polyN_study_trial00284_N4_ring-3-subst,/Users/akapulco/polyN/structures_externes/polyN_study/xyz/trial00284_N4_ring-3-subst.xyz,4,ring-3-subst,0,0,-77.83917,ok,True,0,0,-77.839171,-1e-06,2.1
polyN_study,polyN_study_trial00268_N4_ring-3-subst,/Users/akapulco/polyN/structures_externes/polyN_study/xyz/trial00268_N4_ring-3-subst.xyz,4,ring-3-subst,0,0,-77.83917,ok,True,0,0,-77.839171,-1e-06,1.9
polyN_study,polyN_study_trial00192_N4_branched-tree,/Users/akapulco/polyN/structures_externes/polyN_study/xyz/trial00192_N4_branched-tree.xyz,4,branched-tree,0,0,-76.74566,ok,True,1,3,-77.839171,-1.093511,6.3
polyN_study,polyN_study_trial00229_N6_ring-6,/Users/akapulco/polyN/structures_externes/polyN_study/xyz/trial00229_N6_ring-6.xyz,6,ring-6,0,0,-78.7087,ok,True,0,0,-78.708703,-3e-06,2.5
polyN_study,polyN_study_trial00269_N6_chain,/Users/akapulco/polyN/structures_externes/polyN_study/xyz/trial00269_N6_chain.xyz,6,chain,0,0,-78.88277,ok,True,0,0,-78.882773,-3e-06,2.4
polyN_study,polyN_study_trial00297_N4_ring-3-subst,/Users/akapulco/polyN/structures_externes/polyN_study/xyz/trial00297_N4_ring-3-subst.xyz,4,ring-3-subst,0,0,-77.83917,ok,True,0,0,-77.839171,-1e-06,2.0
polyN_study,polyN_study_trial00335_N4_ring-3-subst,/Users/akapulco/polyN/structures_externes/polyN_study/xyz/trial00335_N4_ring-3-subst.xyz,4,ring-3-subst,0,0,-77.83917,ok,True,0,0,-77.839171,-1e-06,1.8
polyN_study,polyN_study_trial00154_N4_chain,/Users/akapulco/polyN/structures_externes/polyN_study/xyz/trial00154_N4_chain.xyz,4,chain,0,0,-78.42776,ok,True,0,0,-78.427761,-1e-06,0.9
polyN_study,polyN_study_N8_rank003_polycyclic-3-4_seed3,/Users/akapulco/polyN/structures_externes/polyN_study/xyz/N8_rank003_polycyclic-3-4_seed3.xyz,8,polycyclic-3-4,0,0,-78.32105,ok,True,0,0,-78.321049,1e-06,3.5
N_csp,N_csp_N10_0085_bicyclic-3-5-6,/Users/akapulco/polyN/structures_externes/N_csp/xyz/N10_0085_bicyclic-3-5-6.xyz,10,bicyclic-3-5-6,0,0,-78.59936,ok,True,1,1,-78.5998,-0.00044,27.6
polyN_study,polyN_study_trial00337_N4_ring-3-subst,/Users/akapulco/polyN/structures_externes/polyN_study/xyz/trial00337_N4_ring-3-subst.xyz,4,ring-3-subst,0,0,-77.83917,ok,True,0,0,-77.839171,-1e-06,2.0
polyN_study,polyN_study_trial00299_N6_chain,/Users/akapulco/polyN/structures_externes/polyN_study/xyz/trial00299_N6_chain.xyz,6,chain,0,0,-78.88277,ok,True,0,0,-78.882773,-3e-06,2.4
polyN_study,polyN_study_trial00105_N8_branched-tree,/Users/akapulco/polyN/structures_externes/polyN_study/xyz/trial00105_N8_branched-tree.xyz,8,branched-tree,0,0,-78.77415,ok,True,0,0,-78.774154,-4e-06,3.9
polyN_study,polyN_study_trial00351_N4_chain,/Users/akapulco/polyN/structures_externes/polyN_study/xyz/trial00351_N4_chain.xyz,4,chain,0,0,-78.42776,ok,True,0,0,-78.427758,2e-06,0.9
polyN_study,polyN_study_trial00032_N12_ring-3-subst,/Users/akapulco/polyN/structures_externes/polyN_study/xyz/trial00032_N12_ring-3-subst.xyz,12,ring-3-subst,0,0,-78.71103,ok,True,0,0,-78.711033,-3e-06,8.7
polyN_study,polyN_study_trial00375_N4_ring-3-subst,/Users/akapulco/polyN/structures_externes/polyN_study/xyz/trial00375_N4_ring-3-subst.xyz,4,ring-3-subst,0,0,-77.83917,ok,True,0,0,-77.839171,-1e-06,1.9
polyN_study,polyN_study_trial00355_N6_chain,/Users/akapulco/polyN/structures_externes/polyN_study/xyz/trial00355_N6_chain.xyz,6,chain,0,0,-78.88277,ok,True,0,0,-78.882773,-3e-06,2.3
polyN_study,polyN_study_trial00310_N6_chain,/Users/akapulco/polyN/structures_externes/polyN_study/xyz/trial00310_N6_chain.xyz,6,chain,0,0,-78.88277,ok,True,0,0,-78.882773,-3e-06,2.3
polyN_study,polyN_study_trial00166_N4_branched-tree,/Users/akapulco/polyN/structures_externes/polyN_study/xyz/trial00166_N4_branched-tree.xyz,4,branched-tree,0,0,-76.74566,ok,True,1,3,-77.78993,-1.04427,13.8
polyN_study,polyN_study_trial00356_N8_ring-4-subst,/Users/akapulco/polyN/structures_externes/polyN_study/xyz/trial00356_N8_ring-4-subst.xyz,8,ring-4-subst,0,0,-78.73581,ok,True,0,0,-78.735813,-3e-06,3.6
polyN_study,polyN_study_trial00339_N10_branched-tree,/Users/akapulco/polyN/structures_externes/polyN_study/xyz/trial00339_N10_branched-tree.xyz,10,branched-tree,0,0,-78.82658,ok,True,0,0,-78.826579,1e-06,4.7
N_csp,N_csp_N10_0098_bicyclic-4-6-6,/Users/akapulco/polyN/structures_externes/N_csp/xyz/N10_0098_bicyclic-4-6-6.xyz,10,bicyclic-4-6-6,0,0,-78.78286,ok,True,0,0,-78.782864,-4e-06,4.1
polyN_study,polyN_study_trial00323_N10_branched-tree,/Users/akapulco/polyN/structures_externes/polyN_study/xyz/trial00323_N10_branched-tree.xyz,10,branched-tree,0,0,-78.70923,ok,True,0,0,-78.70923,0.0,4.9
polyN_study,polyN_study_trial00369_N6_ring-3-subst,/Users/akapulco/polyN/structures_externes/polyN_study/xyz/trial00369_N6_ring-3-subst.xyz,6,ring-3-subst,0,0,-78.46978,ok,True,1,1,-78.485304,-0.015524,6.7
polyN_study,polyN_study_trial00366_N4_chain,/Users/akapulco/polyN/structures_externes/polyN_study/xyz/trial00366_N4_chain.xyz,4,chain,0,0,-78.42681,ok,True,2,1,-78.427761,-0.000951,6.8
N_csp,N_csp_N10_0099_bicyclic-3-5,/Users/akapulco/polyN/structures_externes/N_csp/xyz/N10_0099_bicyclic-3-5.xyz,10,bicyclic-3-5,0,0,-78.65014,ok,True,1,1,-78.88152,-0.23138,25.7
