source,tag,xyz_file,n_atoms,topology_label,charge,uhf,converged,e_xtb_hartree,e_xtb_eV_per_atom,delta_E_eV_per_atom_vs_N2,seconds
N_csp,N_csp_N3_0000_chain,/Users/akapulco/polyN/structures_externes/N_csp/xyz/N3_0000_chain.xyz,3,chain,0,1,True,-8.625645883250227,-78.23859,0.18374,0.22
N_csp,N_csp_N3_0001_ring-3,/Users/akapulco/polyN/structures_externes/N_csp/xyz/N3_0001_ring-3.xyz,3,ring-3,0,1,True,-8.534383718483333,-77.4108,1.01153,0.32
N_csp,N_csp_N4_0004_bicyclic-3-3,/Users/akapulco/polyN/structures_externes/N_csp/xyz/N4_0004_bicyclic-3-3.xyz,4,bicyclic-3-3,0,0,True,-11.434908768464012,-77.78993,0.63241,0.35
N_csp,N_csp_N4_0003_ring-4,/Users/akapulco/polyN/structures_externes/N_csp/xyz/N4_0003_ring-4.xyz,4,ring-4,0,0,True,-11.528499528919637,-78.42661,-0.00428,0.45
N_csp,N_csp_N4_0000_branched-tree,/Users/akapulco/polyN/structures_externes/N_csp/xyz/N4_0000_branched-tree.xyz,4,branched-tree,0,0,True,-11.281404090757198,-76.74566,1.67667,0.84
N_csp,N_csp_N4_0005_bicyclic-3-3-3,/Users/akapulco/polyN/structures_externes/N_csp/xyz/N4_0005_bicyclic-3-3-3.xyz,4,bicyclic-3-3-3,0,0,True,-11.484331564121192,-78.12615,0.29619,0.99
N_csp,N_csp_N5_0005_ring-5,/Users/akapulco/polyN/structures_externes/N_csp/xyz/N5_0005_ring-5.xyz,5,ring-5,0,1,True,-14.44181150899051,-78.59634,-0.17401,0.21
N_csp,N_csp_N5_0001_chain,/Users/akapulco/polyN/structures_externes/N_csp/xyz/N5_0001_chain.xyz,5,chain,0,1,True,-14.444393496570608,-78.61039,-0.18806,1.04
N_csp,N_csp_N5_0004_ring-4-substituted,/Users/akapulco/polyN/structures_externes/N_csp/xyz/N5_0004_ring-4-substituted.xyz,5,ring-4-substituted,0,1,True,-14.337520211746346,-78.02876,0.39358,0.94
N_csp,N_csp_N5_0003_ring-3-substituted,/Users/akapulco/polyN/structures_externes/N_csp/xyz/N5_0003_ring-3-substituted.xyz,5,ring-3-substituted,0,1,True,-14.351975832166419,-78.10743,0.3149,1.18
N_csp,N_csp_N5_0002_ring-3-substituted,/Users/akapulco/polyN/structures_externes/N_csp/xyz/N5_0002_ring-3-substituted.xyz,5,ring-3-substituted,0,1,True,-14.444393496809496,-78.61039,-0.18806,1.57
N_csp,N_csp_N5_0008_bicyclic-4-4,/Users/akapulco/polyN/structures_externes/N_csp/xyz/N5_0008_bicyclic-4-4.xyz,5,bicyclic-4-4,0,1,True,-14.142147350228013,-76.96549,1.45685,0.73
N_csp,N_csp_N5_0007_bicyclic-3-4,/Users/akapulco/polyN/structures_externes/N_csp/xyz/N5_0007_bicyclic-3-4.xyz,5,bicyclic-3-4,0,1,True,-14.304688783614921,-77.85008,0.57225,0.97
N_csp,N_csp_N6_0003_chain,/Users/akapulco/polyN/structures_externes/N_csp/xyz/N6_0003_chain.xyz,6,chain,0,0,True,-17.292751501531278,-78.42662,-0.00429,1.04
N_csp,N_csp_N5_0009_bicyclic-3-4-4,/Users/akapulco/polyN/structures_externes/N_csp/xyz/N5_0009_bicyclic-3-4-4.xyz,5,bicyclic-3-4-4,0,1,False,,,,2.1
N_csp,N_csp_N6_0002_branched-tree,/Users/akapulco/polyN/structures_externes/N_csp/xyz/N6_0002_branched-tree.xyz,6,branched-tree,0,0,False,,,,2.27
N_csp,N_csp_N4_0001_chain,/Users/akapulco/polyN/structures_externes/N_csp/xyz/N4_0001_chain.xyz,4,chain,0,0,True,-11.52866815786784,-78.42776,-0.00542,5.49
N_csp,N_csp_N4_0002_ring-3-substituted,/Users/akapulco/polyN/structures_externes/N_csp/xyz/N4_0002_ring-3-substituted.xyz,4,ring-3-substituted,0,0,True,-11.528668157942828,-78.42776,-0.00542,5.63
N_csp,N_csp_N6_0005_ring-3-substituted,/Users/akapulco/polyN/structures_externes/N_csp/xyz/N6_0005_ring-3-substituted.xyz,6,ring-3-substituted,0,0,True,-17.393330667429275,-78.88277,-0.46044,2.89
N_csp,N_csp_N6_0007_ring-3-substituted,/Users/akapulco/polyN/structures_externes/N_csp/xyz/N6_0007_ring-3-substituted.xyz,6,ring-3-substituted,0,0,True,-17.305690427508555,-78.4853,-0.06297,1.09
N_csp,N_csp_N6_0010_ring-4-substituted,/Users/akapulco/polyN/structures_externes/N_csp/xyz/N6_0010_ring-4-substituted.xyz,6,ring-4-substituted,0,0,True,-17.211145231550105,-78.05652,0.36582,0.65
N_csp,N_csp_N6_0009_ring-4-substituted,/Users/akapulco/polyN/structures_externes/N_csp/xyz/N6_0009_ring-4-substituted.xyz,6,ring-4-substituted,0,0,True,-17.290358815081827,-78.41577,0.00656,1.26
N_csp,N_csp_N6_0012_ring-6,/Users/akapulco/polyN/structures_externes/N_csp/xyz/N6_0012_ring-6.xyz,6,ring-6,0,0,True,-17.322743949603503,-78.56265,-0.14031,0.14
N_csp,N_csp_N6_0011_ring-5-substituted,/Users/akapulco/polyN/structures_externes/N_csp/xyz/N6_0011_ring-5-substituted.xyz,6,ring-5-substituted,0,0,True,-17.29678574776583,-78.44492,-0.02258,0.88
N_csp,N_csp_N6_0014_bicyclic-3-3,/Users/akapulco/polyN/structures_externes/N_csp/xyz/N6_0014_bicyclic-3-3.xyz,6,bicyclic-3-3,0,0,True,-17.202780631585693,-78.01858,0.40375,1.06
N_csp,N_csp_N6_0006_ring-3-substituted,/Users/akapulco/polyN/structures_externes/N_csp/xyz/N6_0006_ring-3-substituted.xyz,6,ring-3-substituted,0,0,True,-17.354948824630927,-78.7087,-0.28637,5.5
N_csp,N_csp_N6_0015_bicyclic-3-4,/Users/akapulco/polyN/structures_externes/N_csp/xyz/N6_0015_bicyclic-3-4.xyz,6,bicyclic-3-4,0,0,True,-17.23030263348694,-78.1434,0.27893,1.26
N_csp,N_csp_N6_0017_bicyclic-3-5,/Users/akapulco/polyN/structures_externes/N_csp/xyz/N6_0017_bicyclic-3-5.xyz,6,bicyclic-3-5,0,0,True,-17.351210521620228,-78.69175,-0.26941,1.74
N_csp,N_csp_N6_0018_bicyclic-3-3,/Users/akapulco/polyN/structures_externes/N_csp/xyz/N6_0018_bicyclic-3-3.xyz,6,bicyclic-3-3,0,0,True,-17.216677013880755,-78.08161,0.34073,0.43
N_csp,N_csp_N6_0008_ring-4-substituted,/Users/akapulco/polyN/structures_externes/N_csp/xyz/N6_0008_ring-4-substituted.xyz,6,ring-4-substituted,0,0,True,-17.293762273138395,-78.43121,-0.00887,9.83
N_csp,N_csp_N6_0020_bicyclic-4-4,/Users/akapulco/polyN/structures_externes/N_csp/xyz/N6_0020_bicyclic-4-4.xyz,6,bicyclic-4-4,0,0,True,-17.260063128261496,-78.27837,0.14396,0.5
N_csp,N_csp_N6_0013_bicyclic-3-3,/Users/akapulco/polyN/structures_externes/N_csp/xyz/N6_0013_bicyclic-3-3.xyz,6,bicyclic-3-3,0,0,True,-17.200068783753192,-78.00629,0.41605,8.44
N_csp,N_csp_N6_0004_ring-3-substituted,/Users/akapulco/polyN/structures_externes/N_csp/xyz/N6_0004_ring-3-substituted.xyz,6,ring-3-substituted,0,0,True,-17.29909021206933,-78.45537,-0.03303,14.44
N_csp,N_csp_N6_0021_bicyclic-4-5,/Users/akapulco/polyN/structures_externes/N_csp/xyz/N6_0021_bicyclic-4-5.xyz,6,bicyclic-4-5,0,0,False,,,,2.22
N_csp,N_csp_N5_0006_bicyclic-3-3,/Users/akapulco/polyN/structures_externes/N_csp/xyz/N5_0006_bicyclic-3-3.xyz,5,bicyclic-3-3,0,1,True,-14.444393497320561,-78.61039,-0.18806,17.46
N_csp,N_csp_N6_0025_bicyclic-3-3-4,/Users/akapulco/polyN/structures_externes/N_csp/xyz/N6_0025_bicyclic-3-3-4.xyz,6,bicyclic-3-3-4,0,0,True,-17.192635676222086,-77.97257,0.44976,0.54
N_csp,N_csp_N5_0000_branched-tree,/Users/akapulco/polyN/structures_externes/N_csp/xyz/N5_0000_branched-tree.xyz,5,branched-tree,0,1,True,-14.444393496524674,-78.61039,-0.18806,19.85
N_csp,N_csp_N6_0024_bicyclic-4-4-5,/Users/akapulco/polyN/structures_externes/N_csp/xyz/N6_0024_bicyclic-4-4-5.xyz,6,bicyclic-4-4-5,0,0,False,,,,2.4
N_csp,N_csp_N6_0028_bicyclic-4-4-4-4,/Users/akapulco/polyN/structures_externes/N_csp/xyz/N6_0028_bicyclic-4-4-4-4.xyz,6,bicyclic-4-4-4-4,0,0,True,-17.229361515992547,-78.13914,0.2832,1.04
N_csp,N_csp_N6_0019_bicyclic-4-4,/Users/akapulco/polyN/structures_externes/N_csp/xyz/N6_0019_bicyclic-4-4.xyz,6,bicyclic-4-4,0,0,False,,,,9.86
N_csp,N_csp_N6_0022_bicyclic-3-4-4,/Users/akapulco/polyN/structures_externes/N_csp/xyz/N6_0022_bicyclic-3-4-4.xyz,6,bicyclic-3-4-4,0,0,True,-17.20032512513028,-78.00745,0.41489,8.22
N_csp,N_csp_N7_0000_ring-3-substituted,/Users/akapulco/polyN/structures_externes/N_csp/xyz/N7_0000_ring-3-substituted.xyz,7,ring-3-substituted,0,1,True,-20.27139946163882,-78.80184,-0.3795,3.01
N_csp,N_csp_N6_0023_bicyclic-3-5-5,/Users/akapulco/polyN/structures_externes/N_csp/xyz/N6_0023_bicyclic-3-5-5.xyz,6,bicyclic-3-5-5,0,0,False,,,,7.17
N_csp,N_csp_N6_0001_branched-tree,/Users/akapulco/polyN/structures_externes/N_csp/xyz/N6_0001_branched-tree.xyz,6,branched-tree,0,0,False,,,,22.9
N_csp,N_csp_N7_0003_bicyclic-3-4,/Users/akapulco/polyN/structures_externes/N_csp/xyz/N7_0003_bicyclic-3-4.xyz,7,bicyclic-3-4,0,1,True,-20.09242042340259,-78.10609,0.31625,1.39
N_csp,N_csp_N7_0005_bicyclic-3-3,/Users/akapulco/polyN/structures_externes/N_csp/xyz/N7_0005_bicyclic-3-3.xyz,7,bicyclic-3-3,0,1,True,-20.122450807394998,-78.22283,0.19951,1.74
N_csp,N_csp_N7_0002_ring-4-substituted,/Users/akapulco/polyN/structures_externes/N_csp/xyz/N7_0002_ring-4-substituted.xyz,7,ring-4-substituted,0,1,True,-20.186831051682816,-78.47309,-0.05076,2.32
N_csp,N_csp_N7_0004_ring-3-substituted,/Users/akapulco/polyN/structures_externes/N_csp/xyz/N7_0004_ring-3-substituted.xyz,7,ring-3-substituted,0,1,False,,,,2.95
N_csp,N_csp_N7_0009_bicyclic-4-4-5,/Users/akapulco/polyN/structures_externes/N_csp/xyz/N7_0009_bicyclic-4-4-5.xyz,7,bicyclic-4-4-5,0,1,False,,,,2.56
N_csp,N_csp_N7_0006_bicyclic-3-3-6,/Users/akapulco/polyN/structures_externes/N_csp/xyz/N7_0006_bicyclic-3-3-6.xyz,7,bicyclic-3-3-6,0,1,False,,,,4.31
N_csp,N_csp_N6_0027_bicyclic-3-3-4-4,/Users/akapulco/polyN/structures_externes/N_csp/xyz/N6_0027_bicyclic-3-3-4-4.xyz,6,bicyclic-3-3-4-4,0,0,True,-17.29394601982396,-78.43204,-0.0097,13.26
N_csp,N_csp_N6_0016_bicyclic-3-4,/Users/akapulco/polyN/structures_externes/N_csp/xyz/N6_0016_bicyclic-3-4.xyz,6,bicyclic-3-4,0,0,True,-17.299090209387305,-78.45537,-0.03303,23.71
N_csp,N_csp_N7_0012_ring-5-substituted,/Users/akapulco/polyN/structures_externes/N_csp/xyz/N7_0012_ring-5-substituted.xyz,7,ring-5-substituted,0,1,True,-20.245189909574425,-78.69995,-0.27762,1.67
N_csp,N_csp_N7_0001_bicyclic-3-4,/Users/akapulco/polyN/structures_externes/N_csp/xyz/N7_0001_bicyclic-3-4.xyz,7,bicyclic-3-4,0,1,True,-20.122243957380302,-78.22202,0.20031,14.29
N_csp,N_csp_N7_0014_bicyclic-3-4,/Users/akapulco/polyN/structures_externes/N_csp/xyz/N7_0014_bicyclic-3-4.xyz,7,bicyclic-3-4,0,1,True,-20.2674895799366,-78.78664,-0.36431,3.03
N_csp,N_csp_N7_0008_bicyclic-4-4,/Users/akapulco/polyN/structures_externes/N_csp/xyz/N7_0008_bicyclic-4-4.xyz,7,bicyclic-4-4,0,1,True,-20.18776329419943,-78.47672,-0.05438,11.16
N_csp,N_csp_N7_0015_bicyclic-5-5,/Users/akapulco/polyN/structures_externes/N_csp/xyz/N7_0015_bicyclic-5-5.xyz,7,bicyclic-5-5,0,1,True,-20.155311178125913,-78.35057,0.07177,3.23
N_csp,N_csp_N6_0026_bicyclic-4-4-4,/Users/akapulco/polyN/structures_externes/N_csp/xyz/N6_0026_bicyclic-4-4-4.xyz,6,bicyclic-4-4-4,0,0,False,,,,22.81
N_csp,N_csp_N7_0016_bicyclic-3-5,/Users/akapulco/polyN/structures_externes/N_csp/xyz/N7_0016_bicyclic-3-5.xyz,7,bicyclic-3-5,0,1,True,-20.26748957958826,-78.78664,-0.36431,4.5
N_csp,N_csp_N7_0011_bicyclic-4-4-4,/Users/akapulco/polyN/structures_externes/N_csp/xyz/N7_0011_bicyclic-4-4-4.xyz,7,bicyclic-4-4-4,0,1,True,-20.187763291308453,-78.47672,-0.05438,15.72
N_csp,N_csp_N7_0010_ring-4-substituted,/Users/akapulco/polyN/structures_externes/N_csp/xyz/N7_0010_ring-4-substituted.xyz,7,ring-4-substituted,0,1,True,-20.212298058572266,-78.57209,-0.14976,17.59
N_csp,N_csp_N7_0021_ring-5-substituted,/Users/akapulco/polyN/structures_externes/N_csp/xyz/N7_0021_ring-5-substituted.xyz,7,ring-5-substituted,0,1,True,-20.21366062548579,-78.57739,-0.15505,1.88
N_csp,N_csp_N7_0023_ring-5-substituted,/Users/akapulco/polyN/structures_externes/N_csp/xyz/N7_0023_ring-5-substituted.xyz,7,ring-5-substituted,0,1,True,-20.267489576711338,-78.78664,-0.36431,1.9
N_csp,N_csp_N6_0000_branched-tree,/Users/akapulco/polyN/structures_externes/N_csp/xyz/N6_0000_branched-tree.xyz,6,branched-tree,0,0,False,,,,48.4
N_csp,N_csp_N7_0018_bicyclic-3-3,/Users/akapulco/polyN/structures_externes/N_csp/xyz/N7_0018_bicyclic-3-3.xyz,7,bicyclic-3-3,0,1,False,,,,10.6
N_csp,N_csp_N7_0013_branched-tree,/Users/akapulco/polyN/structures_externes/N_csp/xyz/N7_0013_branched-tree.xyz,7,branched-tree,0,1,True,-20.212298058592303,-78.57209,-0.14976,19.88
N_csp,N_csp_N7_0017_bicyclic-3-3,/Users/akapulco/polyN/structures_externes/N_csp/xyz/N7_0017_bicyclic-3-3.xyz,7,bicyclic-3-3,0,1,True,-20.21118621864336,-78.56777,-0.14543,16.91
N_csp,N_csp_N7_0027_bicyclic-4-5,/Users/akapulco/polyN/structures_externes/N_csp/xyz/N7_0027_bicyclic-4-5.xyz,7,bicyclic-4-5,0,1,True,-20.187380421317226,-78.47523,-0.05289,2.32
N_csp,N_csp_N7_0020_ring-3-substituted,/Users/akapulco/polyN/structures_externes/N_csp/xyz/N7_0020_ring-3-substituted.xyz,7,ring-3-substituted,0,1,True,-20.122243956876677,-78.22202,0.20031,13.63
N_csp,N_csp_N7_0028_ring-3-substituted,/Users/akapulco/polyN/structures_externes/N_csp/xyz/N7_0028_ring-3-substituted.xyz,7,ring-3-substituted,0,1,False,,,,2.67
N_csp,N_csp_N7_0007_branched-tree,/Users/akapulco/polyN/structures_externes/N_csp/xyz/N7_0007_branched-tree.xyz,7,branched-tree,0,1,True,-20.20832890463264,-78.55666,-0.13433,31.76
N_csp,N_csp_N7_0029_bicyclic-3-6,/Users/akapulco/polyN/structures_externes/N_csp/xyz/N7_0029_bicyclic-3-6.xyz,7,bicyclic-3-6,0,1,True,-20.22227568929496,-78.61088,-0.18854,2.72
N_csp,N_csp_N7_0032_branched-tree,/Users/akapulco/polyN/structures_externes/N_csp/xyz/N7_0032_branched-tree.xyz,7,branched-tree,0,1,False,,,,3.48
N_csp,N_csp_N7_0033_bicyclic-3-4,/Users/akapulco/polyN/structures_externes/N_csp/xyz/N7_0033_bicyclic-3-4.xyz,7,bicyclic-3-4,0,1,True,-20.2713994616003,-78.80184,-0.3795,4.01
N_csp,N_csp_N7_0026_ring-6-substituted,/Users/akapulco/polyN/structures_externes/N_csp/xyz/N7_0026_ring-6-substituted.xyz,7,ring-6-substituted,0,1,True,-20.2674895798815,-78.78664,-0.36431,12.54
N_csp,N_csp_N7_0031_branched-tree,/Users/akapulco/polyN/structures_externes/N_csp/xyz/N7_0031_branched-tree.xyz,7,branched-tree,0,1,True,-20.267489576896313,-78.78664,-0.36431,5.74
N_csp,N_csp_N7_0037_ring-3-substituted,/Users/akapulco/polyN/structures_externes/N_csp/xyz/N7_0037_ring-3-substituted.xyz,7,ring-3-substituted,0,1,True,-20.267489577918166,-78.78664,-0.36431,2.67
N_csp,N_csp_N7_0034_bicyclic-3-3-5,/Users/akapulco/polyN/structures_externes/N_csp/xyz/N7_0034_bicyclic-3-3-5.xyz,7,bicyclic-3-3-5,0,1,False,,,,4.16
N_csp,N_csp_N7_0038_bicyclic-3-4-5,/Users/akapulco/polyN/structures_externes/N_csp/xyz/N7_0038_bicyclic-3-4-5.xyz,7,bicyclic-3-4-5,0,1,True,-20.213447694883264,-78.57656,-0.15423,2.54
N_csp,N_csp_N7_0039_bicyclic-3-3,/Users/akapulco/polyN/structures_externes/N_csp/xyz/N7_0039_bicyclic-3-3.xyz,7,bicyclic-3-3,0,1,True,-20.062240817067703,-77.98877,0.43357,2.56
N_csp,N_csp_N7_0040_bicyclic-3-4,/Users/akapulco/polyN/structures_externes/N_csp/xyz/N7_0040_bicyclic-3-4.xyz,7,bicyclic-3-4,0,1,True,-20.115486042677638,-78.19575,0.22658,1.67
N_csp,N_csp_N7_0041_bicyclic-3-5,/Users/akapulco/polyN/structures_externes/N_csp/xyz/N7_0041_bicyclic-3-5.xyz,7,bicyclic-3-5,0,1,True,-20.218625248658256,-78.59669,-0.17435,1.66
N_csp,N_csp_N7_0022_branched-tree,/Users/akapulco/polyN/structures_externes/N_csp/xyz/N7_0022_branched-tree.xyz,7,branched-tree,0,1,True,-20.212298058628967,-78.57209,-0.14976,24.65
N_csp,N_csp_N7_0042_bicyclic-4-5,/Users/akapulco/polyN/structures_externes/N_csp/xyz/N7_0042_bicyclic-4-5.xyz,7,bicyclic-4-5,0,1,False,,,,2.7
N_csp,N_csp_N7_0019_ring-4-substituted,/Users/akapulco/polyN/structures_externes/N_csp/xyz/N7_0019_ring-4-substituted.xyz,7,ring-4-substituted,0,1,True,-20.17332583530614,-78.42059,0.00174,31.2
N_csp,N_csp_N7_0036_ring-3-substituted,/Users/akapulco/polyN/structures_externes/N_csp/xyz/N7_0036_ring-3-substituted.xyz,7,ring-3-substituted,0,1,True,-20.187784942790998,-78.4768,-0.05447,10.29
N_csp,N_csp_N7_0046_chain,/Users/akapulco/polyN/structures_externes/N_csp/xyz/N7_0046_chain.xyz,7,chain,0,1,True,-20.271965259124446,-78.80404,-0.3817,2.06
N_csp,N_csp_N7_0045_bicyclic-3-3-4,/Users/akapulco/polyN/structures_externes/N_csp/xyz/N7_0045_bicyclic-3-3-4.xyz,7,bicyclic-3-3-4,0,1,False,,,,2.67
N_csp,N_csp_N7_0035_bicyclic-4-4-5,/Users/akapulco/polyN/structures_externes/N_csp/xyz/N7_0035_bicyclic-4-4-5.xyz,7,bicyclic-4-4-5,0,1,True,-20.21229805724371,-78.57209,-0.14976,14.53
N_csp,N_csp_N7_0048_bicyclic-3-3-3,/Users/akapulco/polyN/structures_externes/N_csp/xyz/N7_0048_bicyclic-3-3-3.xyz,7,bicyclic-3-3-3,0,1,False,,,,2.75
N_csp,N_csp_N7_0024_ring-4-substituted,/Users/akapulco/polyN/structures_externes/N_csp/xyz/N7_0024_ring-4-substituted.xyz,7,ring-4-substituted,0,1,True,-20.27139946113746,-78.80184,-0.3795,29.0
N_csp,N_csp_N7_0052_ring-7,/Users/akapulco/polyN/structures_externes/N_csp/xyz/N7_0052_ring-7.xyz,7,ring-7,0,1,True,-20.222221916136146,-78.61067,-0.18833,2.28
N_csp,N_csp_N7_0053_bicyclic-3-4-4,/Users/akapulco/polyN/structures_externes/N_csp/xyz/N7_0053_bicyclic-3-4-4.xyz,7,bicyclic-3-4-4,0,1,True,-20.0622914499253,-77.98897,0.43337,1.38
N_csp,N_csp_N7_0030_bicyclic-4-4,/Users/akapulco/polyN/structures_externes/N_csp/xyz/N7_0030_bicyclic-4-4.xyz,7,bicyclic-4-4,0,1,True,-20.212298058322943,-78.57209,-0.14976,27.32
N_csp,N_csp_N7_0050_bicyclic-4-5-5,/Users/akapulco/polyN/structures_externes/N_csp/xyz/N7_0050_bicyclic-4-5-5.xyz,7,bicyclic-4-5-5,0,1,False,,,,6.4
N_csp,N_csp_N7_0043_bicyclic-3-5-5,/Users/akapulco/polyN/structures_externes/N_csp/xyz/N7_0043_bicyclic-3-5-5.xyz,7,bicyclic-3-5-5,0,1,True,-20.212298057477565,-78.57209,-0.14976,13.81
N_csp,N_csp_N7_0054_bicyclic-3-3-4,/Users/akapulco/polyN/structures_externes/N_csp/xyz/N7_0054_bicyclic-3-3-4.xyz,7,bicyclic-3-3-4,0,1,False,,,,2.52
N_csp,N_csp_N7_0047_bicyclic-4-5,/Users/akapulco/polyN/structures_externes/N_csp/xyz/N7_0047_bicyclic-4-5.xyz,7,bicyclic-4-5,0,1,False,,,,11.69
N_csp,N_csp_N7_0057_bicyclic-3-4-4-4,/Users/akapulco/polyN/structures_externes/N_csp/xyz/N7_0057_bicyclic-3-4-4-4.xyz,7,bicyclic-3-4-4-4,0,1,True,-20.09456434347933,-78.11442,0.30791,2.45
N_csp,N_csp_N7_0025_ring-3-substituted,/Users/akapulco/polyN/structures_externes/N_csp/xyz/N7_0025_ring-3-substituted.xyz,7,ring-3-substituted,0,1,True,-20.212298058581187,-78.57209,-0.14976,37.22
N_csp,N_csp_N7_0056_bicyclic-4-6,/Users/akapulco/polyN/structures_externes/N_csp/xyz/N7_0056_bicyclic-4-6.xyz,7,bicyclic-4-6,0,1,False,,,,3.86
N_csp,N_csp_N7_0058_bicyclic-4-4,/Users/akapulco/polyN/structures_externes/N_csp/xyz/N7_0058_bicyclic-4-4.xyz,7,bicyclic-4-4,0,1,False,,,,2.67
N_csp,N_csp_N7_0059_bicyclic-3-3-5-5,/Users/akapulco/polyN/structures_externes/N_csp/xyz/N7_0059_bicyclic-3-3-5-5.xyz,7,bicyclic-3-3-5-5,0,1,False,,,,5.68
N_csp,N_csp_N8_0003_ring-3-substituted,/Users/akapulco/polyN/structures_externes/N_csp/xyz/N8_0003_ring-3-substituted.xyz,8,ring-3-substituted,0,0,True,-23.189560960946267,-78.87751,-0.45518,2.99
N_csp,N_csp_N7_0049_bicyclic-3-4-5,/Users/akapulco/polyN/structures_externes/N_csp/xyz/N7_0049_bicyclic-3-4-5.xyz,7,bicyclic-3-4-5,0,1,True,-20.187763292359946,-78.47672,-0.05438,18.33
N_csp,N_csp_N8_0000_bicyclic-4-4,/Users/akapulco/polyN/structures_externes/N_csp/xyz/N8_0000_bicyclic-4-4.xyz,8,bicyclic-4-4,0,0,True,-23.057630444778063,-78.42876,-0.00643,9.87
N_csp,N_csp_N7_0055_bicyclic-4-4-4,/Users/akapulco/polyN/structures_externes/N_csp/xyz/N7_0055_bicyclic-4-4-4.xyz,7,bicyclic-4-4-4,0,1,True,-20.213660625131414,-78.57739,-0.15505,14.07
N_csp,N_csp_N7_0060_bicyclic-3-3-4-5,/Users/akapulco/polyN/structures_externes/N_csp/xyz/N7_0060_bicyclic-3-3-4-5.xyz,7,bicyclic-3-3-4-5,0,1,True,-20.212298058269717,-78.57209,-0.14976,12.1
N_csp,N_csp_N8_0005_bicyclic-4-5-6,/Users/akapulco/polyN/structures_externes/N_csp/xyz/N8_0005_bicyclic-4-5-6.xyz,8,bicyclic-4-5-6,0,0,True,-23.121007624279947,-78.64433,-0.222,8.19
N_csp,N_csp_N7_0051_bicyclic-3-5,/Users/akapulco/polyN/structures_externes/N_csp/xyz/N7_0051_bicyclic-3-5.xyz,7,bicyclic-3-5,0,1,True,-20.245189908291582,-78.69995,-0.27762,26.13
N_csp,N_csp_N8_0010_bicyclic-4-6,/Users/akapulco/polyN/structures_externes/N_csp/xyz/N8_0010_bicyclic-4-6.xyz,8,bicyclic-4-6,0,0,True,-23.130643441615998,-78.67711,-0.25477,1.93
N_csp,N_csp_N8_0007_bicyclic-5-5,/Users/akapulco/polyN/structures_externes/N_csp/xyz/N8_0007_bicyclic-5-5.xyz,8,bicyclic-5-5,0,0,True,-23.105543459776666,-78.59173,-0.1694,9.24
N_csp,N_csp_N8_0012_branched-tree,/Users/akapulco/polyN/structures_externes/N_csp/xyz/N8_0012_branched-tree.xyz,8,branched-tree,0,0,True,-23.147902138907796,-78.73581,-0.31348,3.71
N_csp,N_csp_N7_0044_ring-4-substituted,/Users/akapulco/polyN/structures_externes/N_csp/xyz/N7_0044_ring-4-substituted.xyz,7,ring-4-substituted,0,1,True,-20.271399460918964,-78.80184,-0.3795,40.29
N_csp,N_csp_N8_0004_bicyclic-5-5,/Users/akapulco/polyN/structures_externes/N_csp/xyz/N8_0004_bicyclic-5-5.xyz,8,bicyclic-5-5,0,0,True,-23.159249461739257,-78.77441,-0.35207,19.69
N_csp,N_csp_N8_0015_bicyclic-3-6-6,/Users/akapulco/polyN/structures_externes/N_csp/xyz/N8_0015_bicyclic-3-6-6.xyz,8,bicyclic-3-6-6,0,0,False,,,,2.99
N_csp,N_csp_N8_0001_bicyclic-3-3-5,/Users/akapulco/polyN/structures_externes/N_csp/xyz/N8_0001_bicyclic-3-3-5.xyz,8,bicyclic-3-3-5,0,0,False,,,,29.82
N_csp,N_csp_N8_0009_bicyclic-3-4,/Users/akapulco/polyN/structures_externes/N_csp/xyz/N8_0009_bicyclic-3-4.xyz,8,bicyclic-3-4,0,0,True,-23.159249472044944,-78.77441,-0.35207,18.34
N_csp,N_csp_N8_0013_ring-4-substituted,/Users/akapulco/polyN/structures_externes/N_csp/xyz/N8_0013_ring-4-substituted.xyz,8,ring-4-substituted,0,0,True,-23.05988110510902,-78.43642,-0.01408,13.43
N_csp,N_csp_N8_0008_ring-4-substituted,/Users/akapulco/polyN/structures_externes/N_csp/xyz/N8_0008_ring-4-substituted.xyz,8,ring-4-substituted,0,0,True,-23.159223092316847,-78.77432,-0.35198,25.38
N_csp,N_csp_N8_0018_ring-4-substituted,/Users/akapulco/polyN/structures_externes/N_csp/xyz/N8_0018_ring-4-substituted.xyz,8,ring-4-substituted,0,0,True,-23.076489484629374,-78.49291,-0.07057,5.03
N_csp,N_csp_N8_0002_bicyclic-3-6,/Users/akapulco/polyN/structures_externes/N_csp/xyz/N8_0002_bicyclic-3-6.xyz,8,bicyclic-3-6,0,0,False,,,,42.43
N_csp,N_csp_N8_0006_bicyclic-3-5,/Users/akapulco/polyN/structures_externes/N_csp/xyz/N8_0006_bicyclic-3-5.xyz,8,bicyclic-3-5,0,0,True,-23.063253057177782,-78.44789,-0.02555,37.61
N_csp,N_csp_N8_0017_bicyclic-3-6,/Users/akapulco/polyN/structures_externes/N_csp/xyz/N8_0017_bicyclic-3-6.xyz,8,bicyclic-3-6,0,0,True,-23.12100863812349,-78.64434,-0.222,20.34
N_csp,N_csp_N8_0023_ring-5-substituted,/Users/akapulco/polyN/structures_externes/N_csp/xyz/N8_0023_ring-5-substituted.xyz,8,ring-5-substituted,0,0,True,-23.146338501018786,-78.73049,-0.30816,4.1
N_csp,N_csp_N8_0014_ring-5-substituted,/Users/akapulco/polyN/structures_externes/N_csp/xyz/N8_0014_ring-5-substituted.xyz,8,ring-5-substituted,0,0,True,-23.063253043113864,-78.44789,-0.02555,28.03
N_csp,N_csp_N8_0024_bicyclic-5-6,/Users/akapulco/polyN/structures_externes/N_csp/xyz/N8_0024_bicyclic-5-6.xyz,8,bicyclic-5-6,0,0,True,-23.22062580996515,-78.98318,-0.56084,4.27
N_csp,N_csp_N8_0011_ring-3-substituted,/Users/akapulco/polyN/structures_externes/N_csp/xyz/N8_0011_ring-3-substituted.xyz,8,ring-3-substituted,0,0,False,,,,38.2
N_csp,N_csp_N8_0027_bicyclic-3-4,/Users/akapulco/polyN/structures_externes/N_csp/xyz/N8_0027_bicyclic-3-4.xyz,8,bicyclic-3-4,0,0,True,-23.2015546541136,-78.91831,-0.49597,4.08
N_csp,N_csp_N8_0020_ring-5-substituted,/Users/akapulco/polyN/structures_externes/N_csp/xyz/N8_0020_ring-5-substituted.xyz,8,ring-5-substituted,0,0,True,-23.159223091234256,-78.77432,-0.35198,23.86
N_csp,N_csp_N8_0028_ring-3-substituted,/Users/akapulco/polyN/structures_externes/N_csp/xyz/N8_0028_ring-3-substituted.xyz,8,ring-3-substituted,0,0,False,,,,5.34
N_csp,N_csp_N8_0031_bicyclic-4-4-6,/Users/akapulco/polyN/structures_externes/N_csp/xyz/N8_0031_bicyclic-4-4-6.xyz,8,bicyclic-4-4-6,0,0,True,-23.023476271484586,-78.31259,0.10975,1.39
N_csp,N_csp_N8_0021_ring-4-substituted,/Users/akapulco/polyN/structures_externes/N_csp/xyz/N8_0021_ring-4-substituted.xyz,8,ring-4-substituted,0,0,True,-23.056532330052125,-78.42503,-0.00269,25.74
N_csp,N_csp_N8_0019_ring-3-substituted,/Users/akapulco/polyN/structures_externes/N_csp/xyz/N8_0019_ring-3-substituted.xyz,8,ring-3-substituted,0,0,True,-23.204133170732394,-78.92708,-0.50474,30.07
N_csp,N_csp_N8_0026_bicyclic-3-5,/Users/akapulco/polyN/structures_externes/N_csp/xyz/N8_0026_bicyclic-3-5.xyz,8,bicyclic-3-5,0,0,False,,,,13.11
N_csp,N_csp_N8_0022_ring-4-substituted,/Users/akapulco/polyN/structures_externes/N_csp/xyz/N8_0022_ring-4-substituted.xyz,8,ring-4-substituted,0,0,True,-23.15922309265175,-78.77432,-0.35198,24.18
N_csp,N_csp_N8_0032_bicyclic-3-5-6,/Users/akapulco/polyN/structures_externes/N_csp/xyz/N8_0032_bicyclic-3-5-6.xyz,8,bicyclic-3-5-6,0,0,True,-22.999536906949135,-78.23116,0.19118,4.26
N_csp,N_csp_N8_0016_ring-3-substituted,/Users/akapulco/polyN/structures_externes/N_csp/xyz/N8_0016_ring-3-substituted.xyz,8,ring-3-substituted,0,0,False,,,,39.97
N_csp,N_csp_N8_0035_bicyclic-4-4,/Users/akapulco/polyN/structures_externes/N_csp/xyz/N8_0035_bicyclic-4-4.xyz,8,bicyclic-4-4,0,0,False,,,,2.99
N_csp,N_csp_N8_0039_bicyclic-3-4-4,/Users/akapulco/polyN/structures_externes/N_csp/xyz/N8_0039_bicyclic-3-4-4.xyz,8,bicyclic-3-4-4,0,0,True,-22.966105706304752,-78.11745,0.30489,1.47
N_csp,N_csp_N8_0038_chain,/Users/akapulco/polyN/structures_externes/N_csp/xyz/N8_0038_chain.xyz,8,chain,0,0,True,-23.189560972017993,-78.87751,-0.45518,2.73
N_csp,N_csp_N8_0034_bicyclic-3-3-5,/Users/akapulco/polyN/structures_externes/N_csp/xyz/N8_0034_bicyclic-3-3-5.xyz,8,bicyclic-3-3-5,0,0,True,-23.22062580954482,-78.98318,-0.56084,6.28
N_csp,N_csp_N8_0025_branched-tree,/Users/akapulco/polyN/structures_externes/N_csp/xyz/N8_0025_branched-tree.xyz,8,branched-tree,0,0,True,-23.15922309293078,-78.77432,-0.35198,22.1
N_csp,N_csp_N8_0040_bicyclic-3-4,/Users/akapulco/polyN/structures_externes/N_csp/xyz/N8_0040_bicyclic-3-4.xyz,8,bicyclic-3-4,0,0,True,-23.220625809190388,-78.98318,-0.56084,2.83
N_csp,N_csp_N8_0041_bicyclic-3-4-6,/Users/akapulco/polyN/structures_externes/N_csp/xyz/N8_0041_bicyclic-3-4-6.xyz,8,bicyclic-3-4-6,0,0,True,-23.130643441516906,-78.67711,-0.25477,2.07
N_csp,N_csp_N8_0045_bicyclic-3-3,/Users/akapulco/polyN/structures_externes/N_csp/xyz/N8_0045_bicyclic-3-3.xyz,8,bicyclic-3-3,0,0,True,-22.96803303906159,-78.124,0.29833,4.72
N_csp,N_csp_N8_0042_bicyclic-3-4-4,/Users/akapulco/polyN/structures_externes/N_csp/xyz/N8_0042_bicyclic-3-4-4.xyz,8,bicyclic-3-4-4,0,0,False,,,,7.99
N_csp,N_csp_N8_0047_ring-3-substituted,/Users/akapulco/polyN/structures_externes/N_csp/xyz/N8_0047_ring-3-substituted.xyz,8,ring-3-substituted,0,0,False,,,,3.0
N_csp,N_csp_N8_0033_bicyclic-4-5,/Users/akapulco/polyN/structures_externes/N_csp/xyz/N8_0033_bicyclic-4-5.xyz,8,bicyclic-4-5,0,0,False,,,,25.52
N_csp,N_csp_N8_0029_branched-tree,/Users/akapulco/polyN/structures_externes/N_csp/xyz/N8_0029_branched-tree.xyz,8,branched-tree,0,0,False,,,,31.3
N_csp,N_csp_N8_0030_ring-5-substituted,/Users/akapulco/polyN/structures_externes/N_csp/xyz/N8_0030_ring-5-substituted.xyz,8,ring-5-substituted,0,0,False,,,,29.27
N_csp,N_csp_N8_0050_branched-tree,/Users/akapulco/polyN/structures_externes/N_csp/xyz/N8_0050_branched-tree.xyz,8,branched-tree,0,0,False,,,,3.0
N_csp,N_csp_N8_0044_bicyclic-4-4,/Users/akapulco/polyN/structures_externes/N_csp/xyz/N8_0044_bicyclic-4-4.xyz,8,bicyclic-4-4,0,0,False,,,,19.77
N_csp,N_csp_N8_0053_bicyclic-3-3,/Users/akapulco/polyN/structures_externes/N_csp/xyz/N8_0053_bicyclic-3-3.xyz,8,bicyclic-3-3,0,0,True,-22.978844651330082,-78.16078,0.26156,0.77
N_csp,N_csp_N8_0051_branched-tree,/Users/akapulco/polyN/structures_externes/N_csp/xyz/N8_0051_branched-tree.xyz,8,branched-tree,0,0,False,,,,4.95
N_csp,N_csp_N8_0037_branched-tree,/Users/akapulco/polyN/structures_externes/N_csp/xyz/N8_0037_branched-tree.xyz,8,branched-tree,0,0,True,-23.06008779491709,-78.43712,-0.01478,28.39
N_csp,N_csp_N8_0052_ring-4-substituted,/Users/akapulco/polyN/structures_externes/N_csp/xyz/N8_0052_ring-4-substituted.xyz,8,ring-4-substituted,0,0,True,-23.07330390813676,-78.48207,-0.05974,3.65
N_csp,N_csp_N8_0054_ring-7-substituted,/Users/akapulco/polyN/structures_externes/N_csp/xyz/N8_0054_ring-7-substituted.xyz,8,ring-7-substituted,0,0,True,-23.201554654087104,-78.91831,-0.49597,4.2
N_csp,N_csp_N8_0056_bicyclic-3-4-5,/Users/akapulco/polyN/structures_externes/N_csp/xyz/N8_0056_bicyclic-3-4-5.xyz,8,bicyclic-3-4-5,0,0,False,,,,3.75
N_csp,N_csp_N8_0048_ring-3-substituted,/Users/akapulco/polyN/structures_externes/N_csp/xyz/N8_0048_ring-3-substituted.xyz,8,ring-3-substituted,0,0,False,,,,16.18
N_csp,N_csp_N8_0060_ring-4-substituted,/Users/akapulco/polyN/structures_externes/N_csp/xyz/N8_0060_ring-4-substituted.xyz,8,ring-4-substituted,0,0,False,,,,2.85
N_csp,N_csp_N8_0036_bicyclic-3-3,/Users/akapulco/polyN/structures_externes/N_csp/xyz/N8_0036_bicyclic-3-3.xyz,8,bicyclic-3-3,0,0,False,,,,36.45
N_csp,N_csp_N8_0061_bicyclic-3-3-5-6,/Users/akapulco/polyN/structures_externes/N_csp/xyz/N8_0061_bicyclic-3-3-5-6.xyz,8,bicyclic-3-3-5-6,0,0,True,-23.014663841644694,-78.28261,0.13972,1.29
N_csp,N_csp_N8_0046_bicyclic-4-6,/Users/akapulco/polyN/structures_externes/N_csp/xyz/N8_0046_bicyclic-4-6.xyz,8,bicyclic-4-6,0,0,False,,,,26.09
N_csp,N_csp_N8_0064_bicyclic-4-4-4,/Users/akapulco/polyN/structures_externes/N_csp/xyz/N8_0064_bicyclic-4-4-4.xyz,8,bicyclic-4-4-4,0,0,True,-23.04565636164462,-78.38803,0.0343,1.09
N_csp,N_csp_N8_0062_bicyclic-3-4-5,/Users/akapulco/polyN/structures_externes/N_csp/xyz/N8_0062_bicyclic-3-4-5.xyz,8,bicyclic-3-4-5,0,0,True,-23.13064344101517,-78.67711,-0.25477,2.99
N_csp,N_csp_N8_0059_bicyclic-3-6,/Users/akapulco/polyN/structures_externes/N_csp/xyz/N8_0059_bicyclic-3-6.xyz,8,bicyclic-3-6,0,0,True,-23.09545259266283,-78.55741,-0.13507,6.89
N_csp,N_csp_N8_0066_bicyclic-3-4-5,/Users/akapulco/polyN/structures_externes/N_csp/xyz/N8_0066_bicyclic-3-4-5.xyz,8,bicyclic-3-4-5,0,0,True,-23.105035208227168,-78.59,-0.16767,4.58
N_csp,N_csp_N8_0049_bicyclic-3-4,/Users/akapulco/polyN/structures_externes/N_csp/xyz/N8_0049_bicyclic-3-4.xyz,8,bicyclic-3-4,0,0,True,-23.08666643918477,-78.52752,-0.10519,23.59
N_csp,N_csp_N8_0065_bicyclic-3-5,/Users/akapulco/polyN/structures_externes/N_csp/xyz/N8_0065_bicyclic-3-5.xyz,8,bicyclic-3-5,0,0,True,-23.10554345855351,-78.59173,-0.1694,8.23
N_csp,N_csp_N8_0055_ring-8,/Users/akapulco/polyN/structures_externes/N_csp/xyz/N8_0055_ring-8.xyz,8,ring-8,0,0,False,,,,20.62
N_csp,N_csp_N8_0043_bicyclic-4-4-5,/Users/akapulco/polyN/structures_externes/N_csp/xyz/N8_0043_bicyclic-4-4-5.xyz,8,bicyclic-4-4-5,0,0,False,,,,42.83
N_csp,N_csp_N8_0070_bicyclic-3-3-7,/Users/akapulco/polyN/structures_externes/N_csp/xyz/N8_0070_bicyclic-3-3-7.xyz,8,bicyclic-3-3-7,0,0,False,,,,2.97
N_csp,N_csp_N8_0063_branched-tree,/Users/akapulco/polyN/structures_externes/N_csp/xyz/N8_0063_branched-tree.xyz,8,branched-tree,0,0,True,-23.19165233277949,-78.88463,-0.46229,16.54
N_csp,N_csp_N8_0073_bicyclic-3-4-5,/Users/akapulco/polyN/structures_externes/N_csp/xyz/N8_0073_bicyclic-3-4-5.xyz,8,bicyclic-3-4-5,0,0,True,-23.220625810026117,-78.98318,-0.56084,6.25
N_csp,N_csp_N8_0057_ring-3-substituted,/Users/akapulco/polyN/structures_externes/N_csp/xyz/N8_0057_ring-3-substituted.xyz,8,ring-3-substituted,0,0,False,,,,29.67
N_csp,N_csp_N8_0058_bicyclic-3-3-5,/Users/akapulco/polyN/structures_externes/N_csp/xyz/N8_0058_bicyclic-3-3-5.xyz,8,bicyclic-3-3-5,0,0,False,,,,29.12
N_csp,N_csp_N8_0075_bicyclic-3-4,/Users/akapulco/polyN/structures_externes/N_csp/xyz/N8_0075_bicyclic-3-4.xyz,8,bicyclic-3-4,0,0,True,-23.201554653043488,-78.91831,-0.49597,6.87
N_csp,N_csp_N8_0071_bicyclic-3-5-5,/Users/akapulco/polyN/structures_externes/N_csp/xyz/N8_0071_bicyclic-3-5-5.xyz,8,bicyclic-3-5-5,0,0,False,,,,15.18
N_csp,N_csp_N8_0076_ring-6-substituted,/Users/akapulco/polyN/structures_externes/N_csp/xyz/N8_0076_ring-6-substituted.xyz,8,ring-6-substituted,0,0,True,-23.191652328442867,-78.88463,-0.46229,5.78
N_csp,N_csp_N8_0078_bicyclic-4-6,/Users/akapulco/polyN/structures_externes/N_csp/xyz/N8_0078_bicyclic-4-6.xyz,8,bicyclic-4-6,0,0,False,,,,3.79
N_csp,N_csp_N8_0079_bicyclic-3-4-5,/Users/akapulco/polyN/structures_externes/N_csp/xyz/N8_0079_bicyclic-3-4-5.xyz,8,bicyclic-3-4-5,0,0,True,-23.129299661350583,-78.67254,-0.2502,4.14
N_csp,N_csp_N8_0067_bicyclic-3-3,/Users/akapulco/polyN/structures_externes/N_csp/xyz/N8_0067_bicyclic-3-3.xyz,8,bicyclic-3-3,0,0,False,,,,29.8
N_csp,N_csp_N8_0081_bicyclic-3-4-4,/Users/akapulco/polyN/structures_externes/N_csp/xyz/N8_0081_bicyclic-3-4-4.xyz,8,bicyclic-3-4-4,0,0,True,-23.22062580939501,-78.98318,-0.56084,2.83
N_csp,N_csp_N8_0068_bicyclic-3-3,/Users/akapulco/polyN/structures_externes/N_csp/xyz/N8_0068_bicyclic-3-3.xyz,8,bicyclic-3-3,0,0,True,-22.993107325541036,-78.20929,0.21305,26.07
N_csp,N_csp_N8_0074_ring-4-substituted,/Users/akapulco/polyN/structures_externes/N_csp/xyz/N8_0074_ring-4-substituted.xyz,8,ring-4-substituted,0,0,True,-23.201554653841498,-78.91831,-0.49597,17.46
N_csp,N_csp_N8_0083_ring-5-substituted,/Users/akapulco/polyN/structures_externes/N_csp/xyz/N8_0083_ring-5-substituted.xyz,8,ring-5-substituted,0,0,True,-23.21708313868647,-78.97113,-0.54879,1.84
N_csp,N_csp_N8_0085_bicyclic-3-5,/Users/akapulco/polyN/structures_externes/N_csp/xyz/N8_0085_bicyclic-3-5.xyz,8,bicyclic-3-5,0,0,True,-23.220625809229166,-78.98318,-0.56084,2.57
N_csp,N_csp_N8_0088_bicyclic-3-3-6,/Users/akapulco/polyN/structures_externes/N_csp/xyz/N8_0088_bicyclic-3-3-6.xyz,8,bicyclic-3-3-6,0,0,True,-23.139265552987233,-78.70644,-0.2841,1.08
N_csp,N_csp_N8_0087_bicyclic-4-4,/Users/akapulco/polyN/structures_externes/N_csp/xyz/N8_0087_bicyclic-4-4.xyz,8,bicyclic-4-4,0,0,False,,,,2.99
N_csp,N_csp_N8_0084_branched-tree,/Users/akapulco/polyN/structures_externes/N_csp/xyz/N8_0084_branched-tree.xyz,8,branched-tree,0,0,False,,,,5.8
N_csp,N_csp_N8_0080_bicyclic-3-4,/Users/akapulco/polyN/structures_externes/N_csp/xyz/N8_0080_bicyclic-3-4.xyz,8,bicyclic-3-4,0,0,True,-23.201554653749376,-78.91831,-0.49597,11.45
N_csp,N_csp_N8_0090_bicyclic-3-3-4,/Users/akapulco/polyN/structures_externes/N_csp/xyz/N8_0090_bicyclic-3-3-4.xyz,8,bicyclic-3-3-4,0,0,False,,,,2.89
N_csp,N_csp_N8_0082_bicyclic-3-4-4-5,/Users/akapulco/polyN/structures_externes/N_csp/xyz/N8_0082_bicyclic-3-4-4-5.xyz,8,bicyclic-3-4-4-5,0,0,True,-23.12100846169024,-78.64434,-0.222,10.23
N_csp,N_csp_N8_0072_bicyclic-3-3,/Users/akapulco/polyN/structures_externes/N_csp/xyz/N8_0072_bicyclic-3-3.xyz,8,bicyclic-3-3,0,0,False,,,,28.53
N_csp,N_csp_N8_0091_ring-4-substituted,/Users/akapulco/polyN/structures_externes/N_csp/xyz/N8_0091_ring-4-substituted.xyz,8,ring-4-substituted,0,0,True,-23.051899665560427,-78.40927,0.01307,2.86
N_csp,N_csp_N8_0094_bicyclic-3-3-6,/Users/akapulco/polyN/structures_externes/N_csp/xyz/N8_0094_bicyclic-3-3-6.xyz,8,bicyclic-3-3-6,0,0,False,,,,3.0
N_csp,N_csp_N8_0089_bicyclic-3-3,/Users/akapulco/polyN/structures_externes/N_csp/xyz/N8_0089_bicyclic-3-3.xyz,8,bicyclic-3-3,0,0,False,,,,8.61
N_csp,N_csp_N8_0097_bicyclic-3-4,/Users/akapulco/polyN/structures_externes/N_csp/xyz/N8_0097_bicyclic-3-4.xyz,8,bicyclic-3-4,0,0,True,-23.069151139177322,-78.46795,-0.04561,1.78
N_csp,N_csp_N8_0095_ring-4-substituted,/Users/akapulco/polyN/structures_externes/N_csp/xyz/N8_0095_ring-4-substituted.xyz,8,ring-4-substituted,0,0,True,-23.056532330980573,-78.42503,-0.00269,7.63
N_csp,N_csp_N8_0099_bicyclic-4-5-5,/Users/akapulco/polyN/structures_externes/N_csp/xyz/N8_0099_bicyclic-4-5-5.xyz,8,bicyclic-4-5-5,0,0,True,-23.105035207895696,-78.59,-0.16767,8.72
N_csp,N_csp_N8_0086_ring-6-substituted,/Users/akapulco/polyN/structures_externes/N_csp/xyz/N8_0086_ring-6-substituted.xyz,8,ring-6-substituted,0,0,True,-23.121008649574115,-78.64434,-0.222,22.46
N_csp,N_csp_N9_0001_bicyclic-3-4-6-6,/Users/akapulco/polyN/structures_externes/N_csp/xyz/N9_0001_bicyclic-3-4-6-6.xyz,9,bicyclic-3-4-6-6,0,1,False,,,,5.35
N_csp,N_csp_N8_0077_branched-tree,/Users/akapulco/polyN/structures_externes/N_csp/xyz/N8_0077_branched-tree.xyz,8,branched-tree,0,0,False,,,,38.65
N_csp,N_csp_N8_0069_bicyclic-3-4,/Users/akapulco/polyN/structures_externes/N_csp/xyz/N8_0069_bicyclic-3-4.xyz,8,bicyclic-3-4,0,0,False,,,,55.92
N_csp,N_csp_N9_0004_bicyclic-3-3-5,/Users/akapulco/polyN/structures_externes/N_csp/xyz/N9_0004_bicyclic-3-3-5.xyz,9,bicyclic-3-3-5,0,1,False,,,,3.28
N_csp,N_csp_N9_0002_bicyclic-5-5,/Users/akapulco/polyN/structures_externes/N_csp/xyz/N9_0002_bicyclic-5-5.xyz,9,bicyclic-5-5,0,1,True,-25.997718529488118,-78.60377,-0.18144,10.42
N_csp,N_csp_N8_0093_ring-6-substituted,/Users/akapulco/polyN/structures_externes/N_csp/xyz/N8_0093_ring-6-substituted.xyz,8,ring-6-substituted,0,0,False,,,,27.11
N_csp,N_csp_N8_0098_bicyclic-3-5,/Users/akapulco/polyN/structures_externes/N_csp/xyz/N8_0098_bicyclic-3-5.xyz,8,bicyclic-3-5,0,0,True,-23.071670626925805,-78.47652,-0.05418,22.61
N_csp,N_csp_N9_0009_bicyclic-5-5,/Users/akapulco/polyN/structures_externes/N_csp/xyz/N9_0009_bicyclic-5-5.xyz,9,bicyclic-5-5,0,1,True,-26.041462374059897,-78.73603,-0.3137,1.39
N_csp,N_csp_N9_0008_bicyclic-3-5-5,/Users/akapulco/polyN/structures_externes/N_csp/xyz/N9_0008_bicyclic-3-5-5.xyz,9,bicyclic-3-5-5,0,1,False,,,,3.16
N_csp,N_csp_N8_0096_bicyclic-5-5,/Users/akapulco/polyN/structures_externes/N_csp/xyz/N8_0096_bicyclic-5-5.xyz,8,bicyclic-5-5,0,0,False,,,,31.58
N_csp,N_csp_N8_0092_ring-3-substituted,/Users/akapulco/polyN/structures_externes/N_csp/xyz/N8_0092_ring-3-substituted.xyz,8,ring-3-substituted,0,0,False,,,,34.27
N_csp,N_csp_N9_0011_ring-4-substituted,/Users/akapulco/polyN/structures_externes/N_csp/xyz/N9_0011_ring-4-substituted.xyz,9,ring-4-substituted,0,1,False,,,,5.93
N_csp,N_csp_N9_0012_ring-3-substituted,/Users/akapulco/polyN/structures_externes/N_csp/xyz/N9_0012_ring-3-substituted.xyz,9,ring-3-substituted,0,1,True,-26.076723001795315,-78.84264,-0.42031,5.74
N_csp,N_csp_N9_0013_ring-4-substituted,/Users/akapulco/polyN/structures_externes/N_csp/xyz/N9_0013_ring-4-substituted.xyz,9,ring-4-substituted,0,1,True,-26.072329769339166,-78.82936,-0.40702,6.75
N_csp,N_csp_N9_0014_ring-6-substituted,/Users/akapulco/polyN/structures_externes/N_csp/xyz/N9_0014_ring-6-substituted.xyz,9,ring-6-substituted,0,1,True,-26.056686219607986,-78.78206,-0.35973,8.25
N_csp,N_csp_N9_0003_ring-3-substituted,/Users/akapulco/polyN/structures_externes/N_csp/xyz/N9_0003_ring-3-substituted.xyz,9,ring-3-substituted,0,1,True,-26.03800596589557,-78.72558,-0.30325,32.1
N_csp,N_csp_N9_0007_bicyclic-3-4,/Users/akapulco/polyN/structures_externes/N_csp/xyz/N9_0007_bicyclic-3-4.xyz,9,bicyclic-3-4,0,1,True,-26.012386578768776,-78.64812,-0.22579,27.73
N_csp,N_csp_N9_0005_ring-3-substituted,/Users/akapulco/polyN/structures_externes/N_csp/xyz/N9_0005_ring-3-substituted.xyz,9,ring-3-substituted,0,1,True,-26.013422963888527,-78.65126,-0.22892,30.79
N_csp,N_csp_N9_0019_ring-4-substituted,/Users/akapulco/polyN/structures_externes/N_csp/xyz/N9_0019_ring-4-substituted.xyz,9,ring-4-substituted,0,1,True,-25.986487690414258,-78.56982,-0.14748,4.58
N_csp,N_csp_N9_0015_ring-3-substituted,/Users/akapulco/polyN/structures_externes/N_csp/xyz/N9_0015_ring-3-substituted.xyz,9,ring-3-substituted,0,1,True,-25.97865218015668,-78.54613,-0.12379,23.82
N_csp,N_csp_N9_0017_ring-3-substituted,/Users/akapulco/polyN/structures_externes/N_csp/xyz/N9_0017_ring-3-substituted.xyz,9,ring-3-substituted,0,1,True,-26.037888565207524,-78.72523,-0.30289,18.0
N_csp,N_csp_N9_0010_branched-tree,/Users/akapulco/polyN/structures_externes/N_csp/xyz/N9_0010_branched-tree.xyz,9,branched-tree,0,1,True,-26.03788856473697,-78.72523,-0.30289,35.62
N_csp,N_csp_N9_0022_bicyclic-3-4,/Users/akapulco/polyN/structures_externes/N_csp/xyz/N9_0022_bicyclic-3-4.xyz,9,bicyclic-3-4,0,1,False,,,,3.25
N_csp,N_csp_N9_0016_bicyclic-4-4,/Users/akapulco/polyN/structures_externes/N_csp/xyz/N9_0016_bicyclic-4-4.xyz,9,bicyclic-4-4,0,1,True,-25.9905942278865,-78.58223,-0.1599,25.69
N_csp,N_csp_N9_0006_bicyclic-3-6,/Users/akapulco/polyN/structures_externes/N_csp/xyz/N9_0006_bicyclic-3-6.xyz,9,bicyclic-3-6,0,1,False,,,,41.01
N_csp,N_csp_N9_0020_bicyclic-3-3,/Users/akapulco/polyN/structures_externes/N_csp/xyz/N9_0020_bicyclic-3-3.xyz,9,bicyclic-3-3,0,1,True,-25.916760923009164,-78.359,0.06334,11.81
N_csp,N_csp_N9_0000_ring-6-substituted,/Users/akapulco/polyN/structures_externes/N_csp/xyz/N9_0000_ring-6-substituted.xyz,9,ring-6-substituted,0,1,False,,,,59.05
N_csp,N_csp_N9_0018_bicyclic-3-7,/Users/akapulco/polyN/structures_externes/N_csp/xyz/N9_0018_bicyclic-3-7.xyz,9,bicyclic-3-7,0,1,True,-26.03788856473532,-78.72523,-0.30289,17.88
N_csp,N_csp_N9_0028_bicyclic-4-4-4,/Users/akapulco/polyN/structures_externes/N_csp/xyz/N9_0028_bicyclic-4-4-4.xyz,9,bicyclic-4-4-4,0,1,True,-26.06423060278901,-78.80487,-0.38254,6.47
N_csp,N_csp_N9_0027_bicyclic-3-5,/Users/akapulco/polyN/structures_externes/N_csp/xyz/N9_0027_bicyclic-3-5.xyz,9,bicyclic-3-5,0,1,True,-26.072863713712195,-78.83097,-0.40864,8.35
N_csp,N_csp_N9_0025_bicyclic-4-6,/Users/akapulco/polyN/structures_externes/N_csp/xyz/N9_0025_bicyclic-4-6.xyz,9,bicyclic-4-6,0,1,True,-26.075034321318345,-78.83754,-0.4152,10.26
N_csp,N_csp_N9_0032_ring-3-substituted,/Users/akapulco/polyN/structures_externes/N_csp/xyz/N9_0032_ring-3-substituted.xyz,9,ring-3-substituted,0,1,False,,,,3.52
N_csp,N_csp_N9_0023_ring-3-substituted,/Users/akapulco/polyN/structures_externes/N_csp/xyz/N9_0023_ring-3-substituted.xyz,9,ring-3-substituted,0,1,True,-26.02778782870976,-78.69469,-0.27235,16.53
N_csp,N_csp_N9_0033_bicyclic-4-5-6,/Users/akapulco/polyN/structures_externes/N_csp/xyz/N9_0033_bicyclic-4-5-6.xyz,9,bicyclic-4-5-6,0,1,False,,,,4.9
N_csp,N_csp_N9_0034_bicyclic-3-3,/Users/akapulco/polyN/structures_externes/N_csp/xyz/N9_0034_bicyclic-3-3.xyz,9,bicyclic-3-3,0,1,True,-26.068228620893194,-78.81696,-0.39462,7.58
N_csp,N_csp_N9_0031_bicyclic-3-4,/Users/akapulco/polyN/structures_externes/N_csp/xyz/N9_0031_bicyclic-3-4.xyz,9,bicyclic-3-4,0,1,True,-25.998588808328904,-78.6064,-0.18407,14.45
N_csp,N_csp_N9_0021_branched-tree,/Users/akapulco/polyN/structures_externes/N_csp/xyz/N9_0021_branched-tree.xyz,9,branched-tree,0,1,True,-25.979432531114,-78.54849,-0.12615,29.58
N_csp,N_csp_N9_0024_ring-4-substituted,/Users/akapulco/polyN/structures_externes/N_csp/xyz/N9_0024_ring-4-substituted.xyz,9,ring-4-substituted,0,1,True,-25.97943253071849,-78.54849,-0.12615,27.39
N_csp,N_csp_N9_0038_ring-4-substituted,/Users/akapulco/polyN/structures_externes/N_csp/xyz/N9_0038_ring-4-substituted.xyz,9,ring-4-substituted,0,1,True,-26.039180562508047,-78.72913,-0.3068,7.96
N_csp,N_csp_N9_0036_branched-tree,/Users/akapulco/polyN/structures_externes/N_csp/xyz/N9_0036_branched-tree.xyz,9,branched-tree,0,1,True,-25.979432526696993,-78.54849,-0.12615,18.22
N_csp,N_csp_N9_0029_ring-3-substituted,/Users/akapulco/polyN/structures_externes/N_csp/xyz/N9_0029_ring-3-substituted.xyz,9,ring-3-substituted,0,1,False,,,,32.73
N_csp,N_csp_N9_0030_ring-3-substituted,/Users/akapulco/polyN/structures_externes/N_csp/xyz/N9_0030_ring-3-substituted.xyz,9,ring-3-substituted,0,1,True,-26.037967988330067,-78.72547,-0.30313,31.89
N_csp,N_csp_N9_0040_bicyclic-4-4-4,/Users/akapulco/polyN/structures_externes/N_csp/xyz/N9_0040_bicyclic-4-4-4.xyz,9,bicyclic-4-4-4,0,1,True,-25.892459316924572,-78.28552,0.13681,10.0
N_csp,N_csp_N9_0026_ring-4-substituted,/Users/akapulco/polyN/structures_externes/N_csp/xyz/N9_0026_ring-4-substituted.xyz,9,ring-4-substituted,0,1,False,,,,38.31
N_csp,N_csp_N9_0041_bicyclic-3-4,/Users/akapulco/polyN/structures_externes/N_csp/xyz/N9_0041_bicyclic-3-4.xyz,9,bicyclic-3-4,0,1,True,-26.09333628147737,-78.89287,-0.47054,7.96
N_csp,N_csp_N9_0039_ring-3-substituted,/Users/akapulco/polyN/structures_externes/N_csp/xyz/N9_0039_ring-3-substituted.xyz,9,ring-3-substituted,0,1,True,-26.031338570464076,-78.70542,-0.28309,18.28
N_csp,N_csp_N9_0042_ring-5-substituted,/Users/akapulco/polyN/structures_externes/N_csp/xyz/N9_0042_ring-5-substituted.xyz,9,ring-5-substituted,0,1,True,-26.094476234056035,-78.89632,-0.47398,8.51
N_csp,N_csp_N9_0044_ring-4-substituted,/Users/akapulco/polyN/structures_externes/N_csp/xyz/N9_0044_ring-4-substituted.xyz,9,ring-4-substituted,0,1,True,-26.075034322082242,-78.83754,-0.4152,7.14
N_csp,N_csp_N9_0050_bicyclic-3-4-5-7,/Users/akapulco/polyN/structures_externes/N_csp/xyz/N9_0050_bicyclic-3-4-5-7.xyz,9,bicyclic-3-4-5-7,0,1,False,,,,3.22
N_csp,N_csp_N9_0049_ring-3-substituted,/Users/akapulco/polyN/structures_externes/N_csp/xyz/N9_0049_ring-3-substituted.xyz,9,ring-3-substituted,0,1,False,,,,5.78
N_csp,N_csp_N9_0037_bicyclic-5-5-5-5,/Users/akapulco/polyN/structures_externes/N_csp/xyz/N9_0037_bicyclic-5-5-5-5.xyz,9,bicyclic-5-5-5-5,0,1,True,-26.012388352340984,-78.64813,-0.22579,28.63
N_csp,N_csp_N9_0048_bicyclic-3-4-5,/Users/akapulco/polyN/structures_externes/N_csp/xyz/N9_0048_bicyclic-3-4-5.xyz,9,bicyclic-3-4-5,0,1,False,,,,7.64
N_csp,N_csp_N9_0053_bicyclic-3-5,/Users/akapulco/polyN/structures_externes/N_csp/xyz/N9_0053_bicyclic-3-5.xyz,9,bicyclic-3-5,0,1,True,-26.093336279416196,-78.89287,-0.47054,2.31
N_csp,N_csp_N9_0035_bicyclic-4-4-4,/Users/akapulco/polyN/structures_externes/N_csp/xyz/N9_0035_bicyclic-4-4-4.xyz,9,bicyclic-4-4-4,0,1,False,,,,39.62
N_csp,N_csp_N9_0054_bicyclic-3-4,/Users/akapulco/polyN/structures_externes/N_csp/xyz/N9_0054_bicyclic-3-4.xyz,9,bicyclic-3-4,0,1,True,-26.005480133712233,-78.62724,-0.2049,5.07
N_csp,N_csp_N9_0046_bicyclic-3-5,/Users/akapulco/polyN/structures_externes/N_csp/xyz/N9_0046_bicyclic-3-5.xyz,9,bicyclic-3-5,0,1,True,-25.892687581942326,-78.28621,0.13612,17.13
N_csp,N_csp_N9_0058_bicyclic-3-3,/Users/akapulco/polyN/structures_externes/N_csp/xyz/N9_0058_bicyclic-3-3.xyz,9,bicyclic-3-3,0,1,False,,,,3.07
N_csp,N_csp_N9_0047_bicyclic-3-4,/Users/akapulco/polyN/structures_externes/N_csp/xyz/N9_0047_bicyclic-3-4.xyz,9,bicyclic-3-4,0,1,True,-26.03133857066894,-78.70542,-0.28309,20.19
N_csp,N_csp_N9_0045_bicyclic-3-5,/Users/akapulco/polyN/structures_externes/N_csp/xyz/N9_0045_bicyclic-3-5.xyz,9,bicyclic-3-5,0,1,True,-26.03788856568615,-78.72523,-0.30289,22.9
N_csp,N_csp_N9_0059_bicyclic-3-3-4-6,/Users/akapulco/polyN/structures_externes/N_csp/xyz/N9_0059_bicyclic-3-3-4-6.xyz,9,bicyclic-3-3-4-6,0,1,False,,,,3.17
N_csp,N_csp_N9_0062_bicyclic-4-4,/Users/akapulco/polyN/structures_externes/N_csp/xyz/N9_0062_bicyclic-4-4.xyz,9,bicyclic-4-4,0,1,True,-25.990594228319406,-78.58223,-0.1599,5.67
N_csp,N_csp_N9_0060_ring-5-substituted,/Users/akapulco/polyN/structures_externes/N_csp/xyz/N9_0060_ring-5-substituted.xyz,9,ring-5-substituted,0,1,False,,,,12.02
N_csp,N_csp_N9_0064_ring-7-substituted,/Users/akapulco/polyN/structures_externes/N_csp/xyz/N9_0064_ring-7-substituted.xyz,9,ring-7-substituted,0,1,False,,,,3.35
N_csp,N_csp_N9_0055_ring-4-substituted,/Users/akapulco/polyN/structures_externes/N_csp/xyz/N9_0055_ring-4-substituted.xyz,9,ring-4-substituted,0,1,True,-25.997718528512227,-78.60377,-0.18144,25.22
N_csp,N_csp_N9_0065_ring-5-substituted,/Users/akapulco/polyN/structures_externes/N_csp/xyz/N9_0065_ring-5-substituted.xyz,9,ring-5-substituted,0,1,True,-26.08638662978501,-78.87186,-0.44952,2.86
N_csp,N_csp_N9_0067_bicyclic-3-3-5-5,/Users/akapulco/polyN/structures_externes/N_csp/xyz/N9_0067_bicyclic-3-3-5-5.xyz,9,bicyclic-3-3-5-5,0,1,True,-25.947707756577756,-78.45257,-0.03023,1.33
N_csp,N_csp_N9_0043_bicyclic-3-3-4,/Users/akapulco/polyN/structures_externes/N_csp/xyz/N9_0043_bicyclic-3-3-4.xyz,9,bicyclic-3-3-4,0,1,True,-25.983364557720147,-78.56037,-0.13804,44.85
N_csp,N_csp_N9_0051_ring-3-substituted,/Users/akapulco/polyN/structures_externes/N_csp/xyz/N9_0051_ring-3-substituted.xyz,9,ring-3-substituted,0,1,False,,,,35.19
N_csp,N_csp_N9_0056_ring-4-substituted,/Users/akapulco/polyN/structures_externes/N_csp/xyz/N9_0056_ring-4-substituted.xyz,9,ring-4-substituted,0,1,True,-25.979432529434387,-78.54849,-0.12615,31.25
N_csp,N_csp_N9_0068_bicyclic-4-5,/Users/akapulco/polyN/structures_externes/N_csp/xyz/N9_0068_bicyclic-4-5.xyz,9,bicyclic-4-5,0,1,False,,,,8.69
N_csp,N_csp_N9_0071_bicyclic-3-5-5-5,/Users/akapulco/polyN/structures_externes/N_csp/xyz/N9_0071_bicyclic-3-5-5-5.xyz,9,bicyclic-3-5-5-5,0,1,False,,,,3.16
N_csp,N_csp_N9_0072_bicyclic-3-3-4,/Users/akapulco/polyN/structures_externes/N_csp/xyz/N9_0072_bicyclic-3-3-4.xyz,9,bicyclic-3-3-4,0,1,False,,,,3.24
N_csp,N_csp_N9_0052_ring-4-substituted,/Users/akapulco/polyN/structures_externes/N_csp/xyz/N9_0052_ring-4-substituted.xyz,9,ring-4-substituted,0,1,True,-25.991288665379532,-78.58433,-0.162,43.93
N_csp,N_csp_N9_0073_bicyclic-3-5-6,/Users/akapulco/polyN/structures_externes/N_csp/xyz/N9_0073_bicyclic-3-5-6.xyz,9,bicyclic-3-5-6,0,1,True,-25.947707755579138,-78.45257,-0.03023,5.01
N_csp,N_csp_N9_0063_ring-3-substituted,/Users/akapulco/polyN/structures_externes/N_csp/xyz/N9_0063_ring-3-substituted.xyz,9,ring-3-substituted,0,1,True,-25.978652179761294,-78.54613,-0.12379,26.33
N_csp,N_csp_N9_0074_bicyclic-4-4-5,/Users/akapulco/polyN/structures_externes/N_csp/xyz/N9_0074_bicyclic-4-4-5.xyz,9,bicyclic-4-4-5,0,1,False,,,,6.27
N_csp,N_csp_N9_0069_bicyclic-5-6,/Users/akapulco/polyN/structures_externes/N_csp/xyz/N9_0069_bicyclic-5-6.xyz,9,bicyclic-5-6,0,1,True,-25.97919841869714,-78.54778,-0.12544,17.73
N_csp,N_csp_N9_0079_bicyclic-3-3-4,/Users/akapulco/polyN/structures_externes/N_csp/xyz/N9_0079_bicyclic-3-3-4.xyz,9,bicyclic-3-3-4,0,1,True,-26.094476194573918,-78.89632,-0.47398,2.45
N_csp,N_csp_N9_0078_bicyclic-4-4-5,/Users/akapulco/polyN/structures_externes/N_csp/xyz/N9_0078_bicyclic-4-4-5.xyz,9,bicyclic-4-4-5,0,1,False,,,,4.85
N_csp,N_csp_N9_0075_bicyclic-3-3,/Users/akapulco/polyN/structures_externes/N_csp/xyz/N9_0075_bicyclic-3-3.xyz,9,bicyclic-3-3,0,1,True,-26.03800596608329,-78.72558,-0.30325,10.75
N_csp,N_csp_N9_0057_ring-4-substituted,/Users/akapulco/polyN/structures_externes/N_csp/xyz/N9_0057_ring-4-substituted.xyz,9,ring-4-substituted,0,1,False,,,,55.87
N_csp,N_csp_N9_0070_bicyclic-3-5-6,/Users/akapulco/polyN/structures_externes/N_csp/xyz/N9_0070_bicyclic-3-5-6.xyz,9,bicyclic-3-5-6,0,1,True,-26.01228805923481,-78.64782,-0.22549,29.94
N_csp,N_csp_N9_0081_bicyclic-3-4,/Users/akapulco/polyN/structures_externes/N_csp/xyz/N9_0081_bicyclic-3-4.xyz,9,bicyclic-3-4,0,1,False,,,,11.79
N_csp,N_csp_N9_0080_bicyclic-3-5,/Users/akapulco/polyN/structures_externes/N_csp/xyz/N9_0080_bicyclic-3-5.xyz,9,bicyclic-3-5,0,1,True,-26.034559756763354,-78.71516,-0.29283,13.72
N_csp,N_csp_N9_0061_ring-4-substituted,/Users/akapulco/polyN/structures_externes/N_csp/xyz/N9_0061_ring-4-substituted.xyz,9,ring-4-substituted,0,1,False,,,,54.21
N_csp,N_csp_N9_0082_bicyclic-3-6-7,/Users/akapulco/polyN/structures_externes/N_csp/xyz/N9_0082_bicyclic-3-6-7.xyz,9,bicyclic-3-6-7,0,1,True,-26.056686218925222,-78.78206,-0.35973,11.68
N_csp,N_csp_N9_0085_bicyclic-4-4-5,/Users/akapulco/polyN/structures_externes/N_csp/xyz/N9_0085_bicyclic-4-4-5.xyz,9,bicyclic-4-4-5,0,1,True,-25.939730062400976,-78.42845,-0.00611,1.43
N_csp,N_csp_N9_0089_bicyclic-3-4-4,/Users/akapulco/polyN/structures_externes/N_csp/xyz/N9_0089_bicyclic-3-4-4.xyz,9,bicyclic-3-4-4,0,1,False,,,,3.2
N_csp,N_csp_N9_0083_bicyclic-4-4,/Users/akapulco/polyN/structures_externes/N_csp/xyz/N9_0083_bicyclic-4-4.xyz,9,bicyclic-4-4,0,1,False,,,,7.88
N_csp,N_csp_N9_0066_ring-8-substituted,/Users/akapulco/polyN/structures_externes/N_csp/xyz/N9_0066_ring-8-substituted.xyz,9,ring-8-substituted,0,1,False,,,,42.47
N_csp,N_csp_N9_0077_bicyclic-3-5,/Users/akapulco/polyN/structures_externes/N_csp/xyz/N9_0077_bicyclic-3-5.xyz,9,bicyclic-3-5,0,1,True,-26.012519434113802,-78.64852,-0.22619,26.35
N_csp,N_csp_N9_0087_ring-5-substituted,/Users/akapulco/polyN/structures_externes/N_csp/xyz/N9_0087_ring-5-substituted.xyz,9,ring-5-substituted,0,1,True,-26.072863717110366,-78.83097,-0.40864,7.16
N_csp,N_csp_N9_0091_branched-tree,/Users/akapulco/polyN/structures_externes/N_csp/xyz/N9_0091_branched-tree.xyz,9,branched-tree,0,1,False,,,,3.13
N_csp,N_csp_N9_0090_bicyclic-3-4-5,/Users/akapulco/polyN/structures_externes/N_csp/xyz/N9_0090_bicyclic-3-4-5.xyz,9,bicyclic-3-4-5,0,1,False,,,,5.3
N_csp,N_csp_N9_0088_bicyclic-3-4,/Users/akapulco/polyN/structures_externes/N_csp/xyz/N9_0088_bicyclic-3-4.xyz,9,bicyclic-3-4,0,1,True,-26.03796799854762,-78.72547,-0.30313,12.34
N_csp,N_csp_N9_0095_bicyclic-3-3,/Users/akapulco/polyN/structures_externes/N_csp/xyz/N9_0095_bicyclic-3-3.xyz,9,bicyclic-3-3,0,1,True,-26.068228620992667,-78.81696,-0.39462,6.86
N_csp,N_csp_N9_0076_bicyclic-5-6,/Users/akapulco/polyN/structures_externes/N_csp/xyz/N9_0076_bicyclic-5-6.xyz,9,bicyclic-5-6,0,1,False,,,,35.63
N_csp,N_csp_N9_0096_ring-5-substituted,/Users/akapulco/polyN/structures_externes/N_csp/xyz/N9_0096_ring-5-substituted.xyz,9,ring-5-substituted,0,1,True,-26.0336469489322,-78.7124,-0.29007,6.08
N_csp,N_csp_N9_0093_ring-5-substituted,/Users/akapulco/polyN/structures_externes/N_csp/xyz/N9_0093_ring-5-substituted.xyz,9,ring-5-substituted,0,1,True,-26.0713643352334,-78.82644,-0.4041,10.03
N_csp,N_csp_N10_0001_bicyclic-3-5-6-8,/Users/akapulco/polyN/structures_externes/N_csp/xyz/N10_0001_bicyclic-3-5-6-8.xyz,10,bicyclic-3-5-6-8,0,0,False,,,,3.41
N_csp,N_csp_N9_0084_branched-tree,/Users/akapulco/polyN/structures_externes/N_csp/xyz/N9_0084_branched-tree.xyz,9,branched-tree,0,1,True,-26.039180562244066,-78.72913,-0.3068,25.84
N_csp,N_csp_N9_0094_ring-5-substituted,/Users/akapulco/polyN/structures_externes/N_csp/xyz/N9_0094_ring-5-substituted.xyz,9,ring-5-substituted,0,1,True,-26.03788856571537,-78.72523,-0.30289,21.93
N_csp,N_csp_N10_0002_bicyclic-3-5,/Users/akapulco/polyN/structures_externes/N_csp/xyz/N10_0002_bicyclic-3-5.xyz,10,bicyclic-3-5,0,0,True,-28.86387835924341,-78.54261,-0.12028,9.62
N_csp,N_csp_N9_0086_ring-3-substituted,/Users/akapulco/polyN/structures_externes/N_csp/xyz/N9_0086_ring-3-substituted.xyz,9,ring-3-substituted,0,1,True,-26.03788856564037,-78.72523,-0.30289,32.41
N_csp,N_csp_N10_0000_ring-4-substituted,/Users/akapulco/polyN/structures_externes/N_csp/xyz/N10_0000_ring-4-substituted.xyz,10,ring-4-substituted,0,0,True,-28.996460899659024,-78.90339,-0.48105,17.15
N_csp,N_csp_N10_0007_bicyclic-4-5,/Users/akapulco/polyN/structures_externes/N_csp/xyz/N10_0007_bicyclic-4-5.xyz,10,bicyclic-4-5,0,0,False,,,,4.12
N_csp,N_csp_N9_0098_ring-6-substituted,/Users/akapulco/polyN/structures_externes/N_csp/xyz/N9_0098_ring-6-substituted.xyz,9,ring-6-substituted,0,1,False,,,,40.25
N_csp,N_csp_N9_0097_ring-4-substituted,/Users/akapulco/polyN/structures_externes/N_csp/xyz/N9_0097_ring-4-substituted.xyz,9,ring-4-substituted,0,1,True,-26.079016510130568,-78.84958,-0.42724,42.75
N_csp,N_csp_N10_0010_bicyclic-4-8,/Users/akapulco/polyN/structures_externes/N_csp/xyz/N10_0010_bicyclic-4-8.xyz,10,bicyclic-4-8,0,0,False,,,,3.41
N_csp,N_csp_N9_0099_branched-tree,/Users/akapulco/polyN/structures_externes/N_csp/xyz/N9_0099_branched-tree.xyz,9,branched-tree,0,1,True,-26.03133856762866,-78.70542,-0.28309,44.68
N_csp,N_csp_N10_0004_bicyclic-4-5-6,/Users/akapulco/polyN/structures_externes/N_csp/xyz/N10_0004_bicyclic-4-5-6.xyz,10,bicyclic-4-5-6,0,0,False,,,,31.51
N_csp,N_csp_N10_0006_ring-5-substituted,/Users/akapulco/polyN/structures_externes/N_csp/xyz/N10_0006_ring-5-substituted.xyz,10,ring-5-substituted,0,0,True,-28.925557492053066,-78.71045,-0.28812,28.84
N_csp,N_csp_N10_0009_bicyclic-3-6,/Users/akapulco/polyN/structures_externes/N_csp/xyz/N10_0009_bicyclic-3-6.xyz,10,bicyclic-3-6,0,0,True,-28.970237624294338,-78.83203,-0.4097,8.7
N_csp,N_csp_N10_0005_bicyclic-4-4-4,/Users/akapulco/polyN/structures_externes/N_csp/xyz/N10_0005_bicyclic-4-4-4.xyz,10,bicyclic-4-4-4,0,0,False,,,,34.34
N_csp,N_csp_N10_0008_bicyclic-4-5-5,/Users/akapulco/polyN/structures_externes/N_csp/xyz/N10_0008_bicyclic-4-5-5.xyz,10,bicyclic-4-5-5,0,0,True,-28.988424044187326,-78.88152,-0.45918,28.67
N_csp,N_csp_N10_0015_bicyclic-4-5,/Users/akapulco/polyN/structures_externes/N_csp/xyz/N10_0015_bicyclic-4-5.xyz,10,bicyclic-4-5,0,0,False,,,,3.44
N_csp,N_csp_N10_0012_bicyclic-3-6,/Users/akapulco/polyN/structures_externes/N_csp/xyz/N10_0012_bicyclic-3-6.xyz,10,bicyclic-3-6,0,0,True,-28.838127810407855,-78.47254,-0.05021,11.42
N_csp,N_csp_N10_0013_bicyclic-5-8,/Users/akapulco/polyN/structures_externes/N_csp/xyz/N10_0013_bicyclic-5-8.xyz,10,bicyclic-5-8,0,0,True,-28.960342207478394,-78.80511,-0.38277,15.56
N_csp,N_csp_N10_0017_bicyclic-3-4-6,/Users/akapulco/polyN/structures_externes/N_csp/xyz/N10_0017_bicyclic-3-4-6.xyz,10,bicyclic-3-4-6,0,0,True,-28.875541199787413,-78.57435,-0.15201,12.17
N_csp,N_csp_N9_0092_branched-tree,/Users/akapulco/polyN/structures_externes/N_csp/xyz/N9_0092_branched-tree.xyz,9,branched-tree,0,1,False,,,,72.98
N_csp,N_csp_N10_0022_ring-6-substituted,/Users/akapulco/polyN/structures_externes/N_csp/xyz/N10_0022_ring-6-substituted.xyz,10,ring-6-substituted,0,0,True,-28.99609368018369,-78.90239,-0.48005,10.27
N_csp,N_csp_N10_0003_bicyclic-3-4,/Users/akapulco/polyN/structures_externes/N_csp/xyz/N10_0003_bicyclic-3-4.xyz,10,bicyclic-3-4,0,0,True,-28.91162877427652,-78.67255,-0.25021,69.44
N_csp,N_csp_N10_0014_ring-4-substituted,/Users/akapulco/polyN/structures_externes/N_csp/xyz/N10_0014_ring-4-substituted.xyz,10,ring-4-substituted,0,0,False,,,,33.42
N_csp,N_csp_N10_0024_branched-tree,/Users/akapulco/polyN/structures_externes/N_csp/xyz/N10_0024_branched-tree.xyz,10,branched-tree,0,0,False,,,,6.68
N_csp,N_csp_N10_0019_ring-3-substituted,/Users/akapulco/polyN/structures_externes/N_csp/xyz/N10_0019_ring-3-substituted.xyz,10,ring-3-substituted,0,0,True,-28.931960864011906,-78.72788,-0.30554,29.53
N_csp,N_csp_N10_0011_branched-tree,/Users/akapulco/polyN/structures_externes/N_csp/xyz/N10_0011_branched-tree.xyz,10,branched-tree,0,0,False,,,,41.88
N_csp,N_csp_N10_0027_bicyclic-3-4,/Users/akapulco/polyN/structures_externes/N_csp/xyz/N10_0027_bicyclic-3-4.xyz,10,bicyclic-3-4,0,0,True,-28.865450371692468,-78.54689,-0.12456,8.33
N_csp,N_csp_N10_0018_ring-4-substituted,/Users/akapulco/polyN/structures_externes/N_csp/xyz/N10_0018_ring-4-substituted.xyz,10,ring-4-substituted,0,0,False,,,,45.18
N_csp,N_csp_N10_0028_ring-4-substituted,/Users/akapulco/polyN/structures_externes/N_csp/xyz/N10_0028_ring-4-substituted.xyz,10,ring-4-substituted,0,0,True,-28.983688706422853,-78.86863,-0.4463,12.59
N_csp,N_csp_N10_0021_ring-5-substituted,/Users/akapulco/polyN/structures_externes/N_csp/xyz/N10_0021_ring-5-substituted.xyz,10,ring-5-substituted,0,0,True,-28.988424045605967,-78.88152,-0.45918,37.51
N_csp,N_csp_N10_0031_bicyclic-4-4-7,/Users/akapulco/polyN/structures_externes/N_csp/xyz/N10_0031_bicyclic-4-4-7.xyz,10,bicyclic-4-4-7,0,0,False,,,,3.45
N_csp,N_csp_N10_0023_ring-5-substituted,/Users/akapulco/polyN/structures_externes/N_csp/xyz/N10_0023_ring-5-substituted.xyz,10,ring-5-substituted,0,0,False,,,,32.08
N_csp,N_csp_N10_0020_branched-tree,/Users/akapulco/polyN/structures_externes/N_csp/xyz/N10_0020_branched-tree.xyz,10,branched-tree,0,0,False,,,,50.29
N_csp,N_csp_N10_0032_branched-tree,/Users/akapulco/polyN/structures_externes/N_csp/xyz/N10_0032_branched-tree.xyz,10,branched-tree,0,0,True,-28.98368870627167,-78.86863,-0.4463,14.24
N_csp,N_csp_N10_0025_branched-tree,/Users/akapulco/polyN/structures_externes/N_csp/xyz/N10_0025_branched-tree.xyz,10,branched-tree,0,0,False,,,,35.2
N_csp,N_csp_N10_0016_ring-7-substituted,/Users/akapulco/polyN/structures_externes/N_csp/xyz/N10_0016_ring-7-substituted.xyz,10,ring-7-substituted,0,0,False,,,,68.25
N_csp,N_csp_N10_0029_bicyclic-3-4-7,/Users/akapulco/polyN/structures_externes/N_csp/xyz/N10_0029_bicyclic-3-4-7.xyz,10,bicyclic-3-4-7,0,0,True,-28.85060176787803,-78.50649,-0.08415,24.95
N_csp,N_csp_N10_0035_ring-3-substituted,/Users/akapulco/polyN/structures_externes/N_csp/xyz/N10_0035_ring-3-substituted.xyz,10,ring-3-substituted,0,0,False,,,,7.63
N_csp,N_csp_N10_0033_ring-5-substituted,/Users/akapulco/polyN/structures_externes/N_csp/xyz/N10_0033_ring-5-substituted.xyz,10,ring-5-substituted,0,0,True,-28.988424044776668,-78.88152,-0.45918,27.83
N_csp,N_csp_N10_0038_bicyclic-3-3,/Users/akapulco/polyN/structures_externes/N_csp/xyz/N10_0038_bicyclic-3-3.xyz,10,bicyclic-3-3,0,0,True,-28.98144846369013,-78.86254,-0.4402,14.87
N_csp,N_csp_N10_0036_bicyclic-3-5-6,/Users/akapulco/polyN/structures_externes/N_csp/xyz/N10_0036_bicyclic-3-5-6.xyz,10,bicyclic-3-5-6,0,0,True,-28.89628062210556,-78.63079,-0.20845,18.11
N_csp,N_csp_N10_0037_ring-5-substituted,/Users/akapulco/polyN/structures_externes/N_csp/xyz/N10_0037_ring-5-substituted.xyz,10,ring-5-substituted,0,0,True,-28.829662869089912,-78.44951,-0.02717,22.01
N_csp,N_csp_N10_0030_bicyclic-3-3,/Users/akapulco/polyN/structures_externes/N_csp/xyz/N10_0030_bicyclic-3-3.xyz,10,bicyclic-3-3,0,0,False,,,,40.09
N_csp,N_csp_N10_0044_bicyclic-3-3-5,/Users/akapulco/polyN/structures_externes/N_csp/xyz/N10_0044_bicyclic-3-3-5.xyz,10,bicyclic-3-3-5,0,0,False,,,,3.35
N_csp,N_csp_N10_0043_bicyclic-3-3,/Users/akapulco/polyN/structures_externes/N_csp/xyz/N10_0043_bicyclic-3-3.xyz,10,bicyclic-3-3,0,0,True,-28.99506384376365,-78.89959,-0.47725,9.09
N_csp,N_csp_N10_0046_bicyclic-5-5-6-6,/Users/akapulco/polyN/structures_externes/N_csp/xyz/N10_0046_bicyclic-5-5-6-6.xyz,10,bicyclic-5-5-6-6,0,0,False,,,,3.24
N_csp,N_csp_N10_0040_branched-tree,/Users/akapulco/polyN/structures_externes/N_csp/xyz/N10_0040_branched-tree.xyz,10,branched-tree,0,0,True,-28.940792752162146,-78.75191,-0.32957,25.05
N_csp,N_csp_N10_0039_branched-tree,/Users/akapulco/polyN/structures_externes/N_csp/xyz/N10_0039_branched-tree.xyz,10,branched-tree,0,0,True,-29.000091952551877,-78.91327,-0.49093,26.02
N_csp,N_csp_N10_0042_bicyclic-3-4-5,/Users/akapulco/polyN/structures_externes/N_csp/xyz/N10_0042_bicyclic-3-4-5.xyz,10,bicyclic-3-4-5,0,0,True,-28.899112853976874,-78.63849,-0.21616,12.57
N_csp,N_csp_N10_0026_branched-tree,/Users/akapulco/polyN/structures_externes/N_csp/xyz/N10_0026_branched-tree.xyz,10,branched-tree,0,0,True,-28.92572149322485,-78.7109,-0.28856,67.79
N_csp,N_csp_N10_0034_bicyclic-3-3,/Users/akapulco/polyN/structures_externes/N_csp/xyz/N10_0034_bicyclic-3-3.xyz,10,bicyclic-3-3,0,0,False,,,,47.57
N_csp,N_csp_N10_0052_bicyclic-3-3,/Users/akapulco/polyN/structures_externes/N_csp/xyz/N10_0052_bicyclic-3-3.xyz,10,bicyclic-3-3,0,0,True,-28.811234770631113,-78.39936,0.02297,6.44
N_csp,N_csp_N10_0050_bicyclic-3-3-4-5,/Users/akapulco/polyN/structures_externes/N_csp/xyz/N10_0050_bicyclic-3-3-4-5.xyz,10,bicyclic-3-3-4-5,0,0,True,-28.79115235128723,-78.34472,0.07762,16.06
N_csp,N_csp_N10_0053_bicyclic-3-4,/Users/akapulco/polyN/structures_externes/N_csp/xyz/N10_0053_bicyclic-3-4.xyz,10,bicyclic-3-4,0,0,True,-29.003780141374524,-78.92331,-0.50097,10.22
N_csp,N_csp_N10_0055_bicyclic-5-6-7,/Users/akapulco/polyN/structures_externes/N_csp/xyz/N10_0055_bicyclic-5-6-7.xyz,10,bicyclic-5-6-7,0,0,False,,,,3.36
N_csp,N_csp_N10_0054_bicyclic-3-4-7,/Users/akapulco/polyN/structures_externes/N_csp/xyz/N10_0054_bicyclic-3-4-7.xyz,10,bicyclic-3-4-7,0,0,False,,,,9.85
N_csp,N_csp_N10_0057_bicyclic-4-5,/Users/akapulco/polyN/structures_externes/N_csp/xyz/N10_0057_bicyclic-4-5.xyz,10,bicyclic-4-5,0,0,False,,,,4.87
N_csp,N_csp_N10_0048_ring-5-substituted,/Users/akapulco/polyN/structures_externes/N_csp/xyz/N10_0048_ring-5-substituted.xyz,10,ring-5-substituted,0,0,True,-28.829528048115776,-78.44914,-0.02681,25.94
N_csp,N_csp_N10_0056_bicyclic-3-6,/Users/akapulco/polyN/structures_externes/N_csp/xyz/N10_0056_bicyclic-3-6.xyz,10,bicyclic-3-6,0,0,True,-28.996093579648676,-78.90239,-0.48005,6.06
N_csp,N_csp_N10_0049_bicyclic-6-6,/Users/akapulco/polyN/structures_externes/N_csp/xyz/N10_0049_bicyclic-6-6.xyz,10,bicyclic-6-6,0,0,True,-28.968233361645428,-78.82658,-0.40424,26.36
N_csp,N_csp_N10_0041_bicyclic-3-5-5-5,/Users/akapulco/polyN/structures_externes/N_csp/xyz/N10_0041_bicyclic-3-5-5-5.xyz,10,bicyclic-3-5-5-5,0,0,False,,,,42.37
N_csp,N_csp_N10_0058_ring-3-substituted,/Users/akapulco/polyN/structures_externes/N_csp/xyz/N10_0058_ring-3-substituted.xyz,10,ring-3-substituted,0,0,False,,,,4.07
N_csp,N_csp_N10_0047_bicyclic-4-6,/Users/akapulco/polyN/structures_externes/N_csp/xyz/N10_0047_bicyclic-4-6.xyz,10,bicyclic-4-6,0,0,True,-28.968233361532747,-78.82658,-0.40424,32.98
N_csp,N_csp_N10_0062_bicyclic-3-5,/Users/akapulco/polyN/structures_externes/N_csp/xyz/N10_0062_bicyclic-3-5.xyz,10,bicyclic-3-5,0,0,True,-28.981448452838205,-78.86254,-0.4402,7.3
N_csp,N_csp_N10_0045_ring-3-substituted,/Users/akapulco/polyN/structures_externes/N_csp/xyz/N10_0045_ring-3-substituted.xyz,10,ring-3-substituted,0,0,False,,,,41.1
N_csp,N_csp_N10_0063_bicyclic-4-5-5-5-5,/Users/akapulco/polyN/structures_externes/N_csp/xyz/N10_0063_bicyclic-4-5-5-5-5.xyz,10,bicyclic-4-5-5-5-5,0,0,False,,,,7.29
N_csp,N_csp_N10_0066_ring-3-substituted,/Users/akapulco/polyN/structures_externes/N_csp/xyz/N10_0066_ring-3-substituted.xyz,10,ring-3-substituted,0,0,False,,,,3.56
N_csp,N_csp_N10_0067_ring-7-substituted,/Users/akapulco/polyN/structures_externes/N_csp/xyz/N10_0067_ring-7-substituted.xyz,10,ring-7-substituted,0,0,False,,,,3.51
N_csp,N_csp_N10_0068_bicyclic-4-5,/Users/akapulco/polyN/structures_externes/N_csp/xyz/N10_0068_bicyclic-4-5.xyz,10,bicyclic-4-5,0,0,False,,,,3.51
N_csp,N_csp_N10_0069_ring-7-substituted,/Users/akapulco/polyN/structures_externes/N_csp/xyz/N10_0069_ring-7-substituted.xyz,10,ring-7-substituted,0,0,False,,,,3.36
N_csp,N_csp_N10_0070_ring-5-substituted,/Users/akapulco/polyN/structures_externes/N_csp/xyz/N10_0070_ring-5-substituted.xyz,10,ring-5-substituted,0,0,True,-29.009301693521564,-78.93833,-0.516,4.78
N_csp,N_csp_N10_0051_branched-tree,/Users/akapulco/polyN/structures_externes/N_csp/xyz/N10_0051_branched-tree.xyz,10,branched-tree,0,0,False,,,,47.69
N_csp,N_csp_N10_0064_ring-4-substituted,/Users/akapulco/polyN/structures_externes/N_csp/xyz/N10_0064_ring-4-substituted.xyz,10,ring-4-substituted,0,0,True,-28.996460899745685,-78.90339,-0.48105,22.2
N_csp,N_csp_N10_0059_bicyclic-3-3-5,/Users/akapulco/polyN/structures_externes/N_csp/xyz/N10_0059_bicyclic-3-3-5.xyz,10,bicyclic-3-3-5,0,0,True,-28.98842404215577,-78.88152,-0.45918,28.38
N_csp,N_csp_N10_0060_ring-3-substituted,/Users/akapulco/polyN/structures_externes/N_csp/xyz/N10_0060_ring-3-substituted.xyz,10,ring-3-substituted,0,0,True,-28.954658053333937,-78.78964,-0.3673,29.52
N_csp,N_csp_N10_0072_ring-4-substituted,/Users/akapulco/polyN/structures_externes/N_csp/xyz/N10_0072_ring-4-substituted.xyz,10,ring-4-substituted,0,0,True,-28.825567286794705,-78.43836,-0.01603,16.05
N_csp,N_csp_N10_0077_bicyclic-3-4-6-7,/Users/akapulco/polyN/structures_externes/N_csp/xyz/N10_0077_bicyclic-3-4-6-7.xyz,10,bicyclic-3-4-6-7,0,0,False,,,,3.51
N_csp,N_csp_N10_0071_bicyclic-3-6-7,/Users/akapulco/polyN/structures_externes/N_csp/xyz/N10_0071_bicyclic-3-6-7.xyz,10,bicyclic-3-6-7,0,0,True,-28.951758857891168,-78.78175,-0.35941,25.61
N_csp,N_csp_N10_0065_bicyclic-4-5,/Users/akapulco/polyN/structures_externes/N_csp/xyz/N10_0065_bicyclic-4-5.xyz,10,bicyclic-4-5,0,0,True,-28.86959011432923,-78.55816,-0.13582,36.03
N_csp,N_csp_N10_0075_bicyclic-3-5-7,/Users/akapulco/polyN/structures_externes/N_csp/xyz/N10_0075_bicyclic-3-5-7.xyz,10,bicyclic-3-5-7,0,0,True,-28.98842404422357,-78.88152,-0.45918,19.34
N_csp,N_csp_N10_0081_bicyclic-3-3-5,/Users/akapulco/polyN/structures_externes/N_csp/xyz/N10_0081_bicyclic-3-3-5.xyz,10,bicyclic-3-3-5,0,0,True,-28.896422956693712,-78.63117,-0.20884,6.54
N_csp,N_csp_N10_0080_bicyclic-4-4,/Users/akapulco/polyN/structures_externes/N_csp/xyz/N10_0080_bicyclic-4-4.xyz,10,bicyclic-4-4,0,0,False,,,,15.88
N_csp,N_csp_N10_0082_bicyclic-3-5-6,/Users/akapulco/polyN/structures_externes/N_csp/xyz/N10_0082_bicyclic-3-5-6.xyz,10,bicyclic-3-5-6,0,0,True,-28.994406423305573,-78.8978,-0.47546,10.51
N_csp,N_csp_N10_0085_bicyclic-3-5-6,/Users/akapulco/polyN/structures_externes/N_csp/xyz/N10_0085_bicyclic-3-5-6.xyz,10,bicyclic-3-5-6,0,0,True,-28.884730390605412,-78.59936,-0.17702,2.45
N_csp,N_csp_N10_0074_branched-tree,/Users/akapulco/polyN/structures_externes/N_csp/xyz/N10_0074_branched-tree.xyz,10,branched-tree,0,0,False,,,,36.21
N_csp,N_csp_N10_0078_ring-5-substituted,/Users/akapulco/polyN/structures_externes/N_csp/xyz/N10_0078_ring-5-substituted.xyz,10,ring-5-substituted,0,0,True,-28.829646951781513,-78.44947,-0.02713,30.9
N_csp,N_csp_N10_0084_ring-3-substituted,/Users/akapulco/polyN/structures_externes/N_csp/xyz/N10_0084_ring-3-substituted.xyz,10,ring-3-substituted,0,0,True,-28.936771388296933,-78.74097,-0.31863,8.58
N_csp,N_csp_N10_0083_bicyclic-6-9,/Users/akapulco/polyN/structures_externes/N_csp/xyz/N10_0083_bicyclic-6-9.xyz,10,bicyclic-6-9,0,0,True,-28.968233361760937,-78.82658,-0.40424,18.54
N_csp,N_csp_N10_0088_ring-3-substituted,/Users/akapulco/polyN/structures_externes/N_csp/xyz/N10_0088_ring-3-substituted.xyz,10,ring-3-substituted,0,0,False,,,,4.32
N_csp,N_csp_N10_0091_bicyclic-3-5-5,/Users/akapulco/polyN/structures_externes/N_csp/xyz/N10_0091_bicyclic-3-5-5.xyz,10,bicyclic-3-5-5,0,0,False,,,,3.3
N_csp,N_csp_N10_0079_branched-tree,/Users/akapulco/polyN/structures_externes/N_csp/xyz/N10_0079_branched-tree.xyz,10,branched-tree,0,0,False,,,,40.23
N_csp,N_csp_N10_0076_ring-3-substituted,/Users/akapulco/polyN/structures_externes/N_csp/xyz/N10_0076_ring-3-substituted.xyz,10,ring-3-substituted,0,0,False,,,,55.37
N_csp,N_csp_N10_0089_bicyclic-3-5,/Users/akapulco/polyN/structures_externes/N_csp/xyz/N10_0089_bicyclic-3-5.xyz,10,bicyclic-3-5,0,0,True,-28.988424044283494,-78.88152,-0.45918,22.87
N_csp,N_csp_N10_0073_bicyclic-3-3-5,/Users/akapulco/polyN/structures_externes/N_csp/xyz/N10_0073_bicyclic-3-3-5.xyz,10,bicyclic-3-3-5,0,0,False,,,,72.43
N_csp,N_csp_N10_0061_ring-3-substituted,/Users/akapulco/polyN/structures_externes/N_csp/xyz/N10_0061_ring-3-substituted.xyz,10,ring-3-substituted,0,0,False,,,,90.01
N_csp,N_csp_N10_0087_bicyclic-3-4,/Users/akapulco/polyN/structures_externes/N_csp/xyz/N10_0087_bicyclic-3-4.xyz,10,bicyclic-3-4,0,0,True,-28.8628728538901,-78.53988,-0.11754,34.52
N_csp,N_csp_N10_0092_bicyclic-5-5,/Users/akapulco/polyN/structures_externes/N_csp/xyz/N10_0092_bicyclic-5-5.xyz,10,bicyclic-5-5,0,0,True,-28.98842404512158,-78.88152,-0.45918,30.57
N_csp,N_csp_N10_0095_bicyclic-3-4-7,/Users/akapulco/polyN/structures_externes/N_csp/xyz/N10_0095_bicyclic-3-4-7.xyz,10,bicyclic-3-4-7,0,0,True,-28.857267102842858,-78.52462,-0.10229,15.14
polyN_study,polyN_study_N4_rank000_ring-4_seed1,/Users/akapulco/polyN/structures_externes/polyN_study/xyz/N4_rank000_ring-4_seed1.xyz,4,ring-4,0,0,True,-11.434908768732825,-77.78993,0.63241,0.87
polyN_study,polyN_study_N4_rank001_chain_seed0,/Users/akapulco/polyN/structures_externes/polyN_study/xyz/N4_rank001_chain_seed0.xyz,4,chain,0,0,True,-11.434908768693257,-77.78993,0.63241,1.75
polyN_study,polyN_study_N4_rank002_polycyclic-3-3_seed3,/Users/akapulco/polyN/structures_externes/polyN_study/xyz/N4_rank002_polycyclic-3-3_seed3.xyz,4,polycyclic-3-3,0,0,True,-11.434908768595971,-77.78993,0.63241,0.36
N_csp,N_csp_N10_0099_bicyclic-3-5,/Users/akapulco/polyN/structures_externes/N_csp/xyz/N10_0099_bicyclic-3-5.xyz,10,bicyclic-3-5,0,0,True,-28.90339426825031,-78.65014,-0.22781,4.77
polyN_study,polyN_study_N4_rank004_branched-tree_seed4,/Users/akapulco/polyN/structures_externes/polyN_study/xyz/N4_rank004_branched-tree_seed4.xyz,4,branched-tree,0,0,True,-11.434908768733015,-77.78993,0.63241,1.03
N_csp,N_csp_N10_0090_ring-3-substituted,/Users/akapulco/polyN/structures_externes/N_csp/xyz/N10_0090_ring-3-substituted.xyz,10,ring-3-substituted,0,0,False,,,,40.27
polyN_study,polyN_study_N4_rank005_polycyclic-3-3-3_seed5,/Users/akapulco/polyN/structures_externes/polyN_study/xyz/N4_rank005_polycyclic-3-3-3_seed5.xyz,4,polycyclic-3-3-3,0,0,True,-11.48433156415082,-78.12615,0.29619,0.2
polyN_study,polyN_study_N4_rank003_ring-3-subst_seed2,/Users/akapulco/polyN/structures_externes/polyN_study/xyz/N4_rank003_ring-3-subst_seed2.xyz,4,ring-3-subst,0,0,True,-11.528550323507348,-78.42696,-0.00462,2.45
polyN_study,polyN_study_N6_rank001_ring-6_seed1,/Users/akapulco/polyN/structures_externes/polyN_study/xyz/N6_rank001_ring-6_seed1.xyz,6,ring-6,0,0,True,-17.35494882326012,-78.7087,-0.28637,1.11
N_csp,N_csp_N10_0093_bicyclic-4-5-5,/Users/akapulco/polyN/structures_externes/N_csp/xyz/N10_0093_bicyclic-4-5-5.xyz,10,bicyclic-4-5-5,0,0,True,-28.98842404051864,-78.88152,-0.45918,36.91
polyN_study,polyN_study_N6_rank003_ring-3-subst_seed5,/Users/akapulco/polyN/structures_externes/polyN_study/xyz/N6_rank003_ring-3-subst_seed5.xyz,6,ring-3-subst,0,0,True,-17.267766115556366,-78.31331,0.10903,3.71
polyN_study,polyN_study_N6_rank002_ring-4-subst_seed3,/Users/akapulco/polyN/structures_externes/polyN_study/xyz/N6_rank002_ring-4-subst_seed3.xyz,6,ring-4-subst,0,0,True,-17.393330660296623,-78.88277,-0.46044,6.17
polyN_study,polyN_study_N6_rank000_chain_seed0,/Users/akapulco/polyN/structures_externes/polyN_study/xyz/N6_rank000_chain_seed0.xyz,6,chain,0,0,True,-17.393330667207625,-78.88277,-0.46044,6.87
polyN_study,polyN_study_N6_rank004_polycyclic-3-4_seed4,/Users/akapulco/polyN/structures_externes/polyN_study/xyz/N6_rank004_polycyclic-3-4_seed4.xyz,6,polycyclic-3-4,0,0,True,-17.393330667301676,-78.88277,-0.46044,6.17
polyN_study,polyN_study_N6_rank005_polycyclic-3-3_seed2,/Users/akapulco/polyN/structures_externes/polyN_study/xyz/N6_rank005_polycyclic-3-3_seed2.xyz,6,polycyclic-3-3,0,0,True,-17.30569042538332,-78.4853,-0.06297,5.44
polyN_study,polyN_study_trial00028_N4_ring-3-subst,/Users/akapulco/polyN/structures_externes/polyN_study/xyz/trial00028_N4_ring-3-subst.xyz,4,ring-3-subst,0,0,True,-11.442147026734983,-77.83917,0.58317,1.29
polyN_study,polyN_study_N8_rank004_polycyclic-3-3_seed4,/Users/akapulco/polyN/structures_externes/polyN_study/xyz/N8_rank004_polycyclic-3-3_seed4.xyz,8,polycyclic-3-3,0,0,True,-23.10503520860526,-78.59,-0.16767,6.53
polyN_study,polyN_study_trial00035_N8_ring-5-subst,/Users/akapulco/polyN/structures_externes/polyN_study/xyz/trial00035_N8_ring-5-subst.xyz,8,ring-5-subst,0,0,True,-23.22062580927551,-78.98318,-0.56084,2.08
N_csp,N_csp_N10_0086_bicyclic-4-7,/Users/akapulco/polyN/structures_externes/N_csp/xyz/N10_0086_bicyclic-4-7.xyz,10,bicyclic-4-7,0,0,False,,,,62.43
polyN_study,polyN_study_trial00015_N6_chain,/Users/akapulco/polyN/structures_externes/polyN_study/xyz/trial00015_N6_chain.xyz,6,chain,0,0,True,-17.393330666604673,-78.88277,-0.46044,4.88
polyN_study,polyN_study_trial00047_N4_ring-3-subst,/Users/akapulco/polyN/structures_externes/polyN_study/xyz/trial00047_N4_ring-3-subst.xyz,4,ring-3-subst,0,0,True,-11.442147026235736,-77.83917,0.58317,1.04
polyN_study,polyN_study_trial00086_N4_ring-3-subst,/Users/akapulco/polyN/structures_externes/polyN_study/xyz/trial00086_N4_ring-3-subst.xyz,4,ring-3-subst,0,0,True,-11.442147025732904,-77.83917,0.58317,1.03
N_csp,N_csp_N10_0097_ring-7-substituted,/Users/akapulco/polyN/structures_externes/N_csp/xyz/N10_0097_ring-7-substituted.xyz,10,ring-7-substituted,0,0,True,-28.95896756077976,-78.80137,-0.37903,31.57
polyN_study,polyN_study_trial00134_N6_ring-5-subst,/Users/akapulco/polyN/structures_externes/polyN_study/xyz/trial00134_N6_ring-5-subst.xyz,6,ring-5-subst,0,0,True,-17.29678574818311,-78.44492,-0.02258,1.02
polyN_study,polyN_study_trial00085_N6_chain,/Users/akapulco/polyN/structures_externes/polyN_study/xyz/trial00085_N6_chain.xyz,6,chain,0,0,True,-17.393330666730975,-78.88277,-0.46044,1.88
N_csp,N_csp_N10_0094_ring-3-substituted,/Users/akapulco/polyN/structures_externes/N_csp/xyz/N10_0094_ring-3-substituted.xyz,10,ring-3-substituted,0,0,False,,,,40.65
polyN_study,polyN_study_trial00162_N4_ring-4,/Users/akapulco/polyN/structures_externes/polyN_study/xyz/trial00162_N4_ring-4.xyz,4,ring-4,0,0,True,-11.417144513013751,-77.66908,0.75325,0.42
polyN_study,polyN_study_trial00166_N4_branched-tree,/Users/akapulco/polyN/structures_externes/polyN_study/xyz/trial00166_N4_branched-tree.xyz,4,branched-tree,0,0,True,-11.281404090616018,-76.74566,1.67667,1.07
polyN_study,polyN_study_trial00143_N8_chain,/Users/akapulco/polyN/structures_externes/polyN_study/xyz/trial00143_N8_chain.xyz,8,chain,0,0,True,-23.18806431022133,-78.87242,-0.45009,4.14
polyN_study,polyN_study_trial00192_N4_branched-tree,/Users/akapulco/polyN/structures_externes/polyN_study/xyz/trial00192_N4_branched-tree.xyz,4,branched-tree,0,0,True,-11.281404090643266,-76.74566,1.67667,0.85
polyN_study,polyN_study_trial00190_N4_chain,/Users/akapulco/polyN/structures_externes/polyN_study/xyz/trial00190_N4_chain.xyz,4,chain,0,0,True,-11.528554263849196,-78.42699,-0.00465,2.75
polyN_study,polyN_study_trial00102_N4_chain,/Users/akapulco/polyN/structures_externes/polyN_study/xyz/trial00102_N4_chain.xyz,4,chain,0,0,True,-11.5286681580301,-78.42776,-0.00542,7.12
polyN_study,polyN_study_trial00203_N4_ring-3-subst,/Users/akapulco/polyN/structures_externes/polyN_study/xyz/trial00203_N4_ring-3-subst.xyz,4,ring-3-subst,0,0,True,-11.44214702523594,-77.83917,0.58317,1.16
polyN_study,polyN_study_trial00206_N4_ring-3-subst,/Users/akapulco/polyN/structures_externes/polyN_study/xyz/trial00206_N4_ring-3-subst.xyz,4,ring-3-subst,0,0,True,-11.44214702643651,-77.83917,0.58317,1.02
polyN_study,polyN_study_trial00032_N12_ring-3-subst,/Users/akapulco/polyN/structures_externes/polyN_study/xyz/trial00032_N12_ring-3-subst.xyz,12,ring-3-subst,0,0,True,-34.71092515352427,-78.71103,-0.2887,9.42
polyN_study,polyN_study_trial00233_N4_ring-3-subst,/Users/akapulco/polyN/structures_externes/polyN_study/xyz/trial00233_N4_ring-3-subst.xyz,4,ring-3-subst,0,0,True,-11.442147026264047,-77.83917,0.58317,1.04
polyN_study,polyN_study_trial00284_N4_ring-3-subst,/Users/akapulco/polyN/structures_externes/polyN_study/xyz/trial00284_N4_ring-3-subst.xyz,4,ring-3-subst,0,0,True,-11.442147025601882,-77.83917,0.58317,1.04
polyN_study,polyN_study_trial00268_N4_ring-3-subst,/Users/akapulco/polyN/structures_externes/polyN_study/xyz/trial00268_N4_ring-3-subst.xyz,4,ring-3-subst,0,0,True,-11.442147026310428,-77.83917,0.58317,1.18
N_csp,N_csp_N10_0096_bicyclic-5-6,/Users/akapulco/polyN/structures_externes/N_csp/xyz/N10_0096_bicyclic-5-6.xyz,10,bicyclic-5-6,0,0,False,,,,41.42
polyN_study,polyN_study_trial00229_N6_ring-6,/Users/akapulco/polyN/structures_externes/polyN_study/xyz/trial00229_N6_ring-6.xyz,6,ring-6,0,0,True,-17.354948824569632,-78.7087,-0.28637,2.2
polyN_study,polyN_study_trial00269_N6_chain,/Users/akapulco/polyN/structures_externes/polyN_study/xyz/trial00269_N6_chain.xyz,6,chain,0,0,True,-17.39333066725854,-78.88277,-0.46044,2.16
polyN_study,polyN_study_trial00297_N4_ring-3-subst,/Users/akapulco/polyN/structures_externes/polyN_study/xyz/trial00297_N4_ring-3-subst.xyz,4,ring-3-subst,0,0,True,-11.442147024290332,-77.83917,0.58317,1.15
polyN_study,polyN_study_N8_rank003_polycyclic-3-4_seed3,/Users/akapulco/polyN/structures_externes/polyN_study/xyz/N8_rank003_polycyclic-3-4_seed3.xyz,8,polycyclic-3-4,0,0,True,-23.025963742271703,-78.32105,0.10129,18.62
polyN_study,polyN_study_trial00105_N8_branched-tree,/Users/akapulco/polyN/structures_externes/polyN_study/xyz/trial00105_N8_branched-tree.xyz,8,branched-tree,0,0,True,-23.159174228303563,-78.77415,-0.35182,10.61
polyN_study,polyN_study_trial00335_N4_ring-3-subst,/Users/akapulco/polyN/structures_externes/polyN_study/xyz/trial00335_N4_ring-3-subst.xyz,4,ring-3-subst,0,0,True,-11.442147026227023,-77.83917,0.58317,1.07
polyN_study,polyN_study_trial00299_N6_chain,/Users/akapulco/polyN/structures_externes/polyN_study/xyz/trial00299_N6_chain.xyz,6,chain,0,0,True,-17.393330667050787,-78.88277,-0.46044,1.96
polyN_study,polyN_study_trial00337_N4_ring-3-subst,/Users/akapulco/polyN/structures_externes/polyN_study/xyz/trial00337_N4_ring-3-subst.xyz,4,ring-3-subst,0,0,True,-11.442147026233776,-77.83917,0.58317,1.12
polyN_study,polyN_study_trial00154_N4_chain,/Users/akapulco/polyN/structures_externes/polyN_study/xyz/trial00154_N4_chain.xyz,4,chain,0,0,True,-11.528668158001103,-78.42776,-0.00542,11.26
polyN_study,polyN_study_trial00355_N6_chain,/Users/akapulco/polyN/structures_externes/polyN_study/xyz/trial00355_N6_chain.xyz,6,chain,0,0,True,-17.393330666413277,-78.88277,-0.46044,1.58
polyN_study,polyN_study_trial00375_N4_ring-3-subst,/Users/akapulco/polyN/structures_externes/polyN_study/xyz/trial00375_N4_ring-3-subst.xyz,4,ring-3-subst,0,0,True,-11.442147026127321,-77.83917,0.58317,1.02
polyN_study,polyN_study_trial00310_N6_chain,/Users/akapulco/polyN/structures_externes/polyN_study/xyz/trial00310_N6_chain.xyz,6,chain,0,0,True,-17.393330667267612,-78.88277,-0.46044,4.67
polyN_study,polyN_study_trial00369_N6_ring-3-subst,/Users/akapulco/polyN/structures_externes/polyN_study/xyz/trial00369_N6_ring-3-subst.xyz,6,ring-3-subst,0,0,True,-17.302267017058433,-78.46978,-0.04744,1.37
polyN_study,polyN_study_trial00366_N4_chain,/Users/akapulco/polyN/structures_externes/polyN_study/xyz/trial00366_N4_chain.xyz,4,chain,0,0,True,-11.52852836750736,-78.42681,-0.00447,3.45
polyN_study,polyN_study_trial00351_N4_chain,/Users/akapulco/polyN/structures_externes/polyN_study/xyz/trial00351_N4_chain.xyz,4,chain,0,0,True,-11.528667827079872,-78.42776,-0.00542,4.43
polyN_study,polyN_study_trial00356_N8_ring-4-subst,/Users/akapulco/polyN/structures_externes/polyN_study/xyz/trial00356_N8_ring-4-subst.xyz,8,ring-4-subst,0,0,True,-23.147902168756364,-78.73581,-0.31348,5.8
polyN_study,polyN_study_trial00339_N10_branched-tree,/Users/akapulco/polyN/structures_externes/polyN_study/xyz/trial00339_N10_branched-tree.xyz,10,branched-tree,0,0,True,-28.968233315215546,-78.82658,-0.40424,10.56
polyN_study,polyN_study_trial00323_N10_branched-tree,/Users/akapulco/polyN/structures_externes/polyN_study/xyz/trial00323_N10_branched-tree.xyz,10,branched-tree,0,0,True,-28.92510839955477,-78.70923,-0.28689,13.11
N_csp,N_csp_N10_0098_bicyclic-4-6-6,/Users/akapulco/polyN/structures_externes/N_csp/xyz/N10_0098_bicyclic-4-6-6.xyz,10,bicyclic-4-6-6,0,0,True,-28.952168406075728,-78.78286,-0.36053,53.54
