rank,formula,family,tag,charge,n_atoms,e_xtb_hartree,e_per_atom_hartree,e_reaction_hartree,e_reaction_ev_per_atom,e_reaction_kcalmol,reference_reaction,smiles,xyz,is_true_minimum,n_freq_hops,n_imaginary_freq
1,N5_anion,anion,N5_anion_iso0003_conf1,-1,5,-14.760899106885034,-2.952179821377007,-1.0688503415678952e-07,-5.816979896712039e-07,-6.707137206158152e-05,Nx- -> (x-5)/2 N2 + N5-,n1nn[n-]n1,resultats/seeds_pubchem/work/xtb/N5_anion_iso0003_conf1/xtbopt.xyz,True,0,0
2,N5_anion,anion,N5_anion_iso0000_conf1,-1,5,-14.689176267767394,-2.937835253553479,0.07172273223260639,0.39033499387980514,45.00669431222477,Nx- -> (x-5)/2 N2 + N5-,N#[N+]N=N[N-2],resultats/seeds_pubchem/work/xtb/N5_anion_iso0000_conf1/xtbopt.xyz,True,0,0
3,N5_anion,anion,N5_anion_iso0006_conf0,-1,5,-14.687946407940753,-2.9375892815881506,0.07295259205924687,0.3970282320340327,45.77844301087975,Nx- -> (x-5)/2 N2 + N5-,N#[N+][N-]N=[N-],resultats/seeds_pubchem/work/xtb/N5_anion_iso0006_conf0/xtbopt.xyz,True,0,0
4,N5_anion,anion,N5_anion_iso0012_conf0,-1,5,-14.623943922742077,-2.9247887845484155,0.1369550772579231,0.7453475011228945,85.94060913162282,Nx- -> (x-5)/2 N2 + N5-,[N-2][N+]1=NN=N1,resultats/seeds_pubchem/work/xtb/N5_anion_iso0012_conf0/xtbopt.xyz,True,0,0
5,N5_anion,anion,N5_anion_iso0002_conf0,-1,5,-14.59974061145892,-2.919948122291784,0.16115838854108056,0.8770686314744699,101.12841637705662,Nx- -> (x-5)/2 N2 + N5-,n1nn2[n-]n12,resultats/seeds_pubchem/work/xtb/N5_anion_iso0002_conf0/xtbopt.xyz,True,0,0
6,N5_anion,anion,N5_anion_iso0019_conf1,-1,5,-14.594760844998335,-2.918952168999667,0.16613815500166496,0.9041699011892256,104.25326703264697,Nx- -> (x-5)/2 N2 + N5-,[N-]=[N+]1[N-][N+]1=[N-],resultats/seeds_pubchem/work/xtb/N5_anion_iso0019_conf1/xtbopt.xyz,True,0,0
7,N5_anion,anion,N5_anion_iso0015_conf1,-1,5,-14.585277652883045,-2.917055530576609,0.1756213471169552,0.9557800618880399,110.20405997306057,Nx- -> (x-5)/2 N2 + N5-,[N-]=NN1N=N1,resultats/seeds_pubchem/work/frequency/N5_anion_iso0015_conf1/post_freq_minimum.xyz,True,1,0
8,N5_anion,anion,N5_anion_iso0009_conf0,-1,5,-14.571826363565274,-2.914365272713055,0.1890726364347266,1.028985707714522,118.6448715203235,Nx- -> (x-5)/2 N2 + N5-,[N-]=[N+]=[N+]1[N-][N-]1,resultats/seeds_pubchem/work/xtb/N5_anion_iso0009_conf0/xtbopt.xyz,True,0,0
9,N5_anion,anion,N5_anion_iso0014_conf0,-1,5,-14.570187636982203,-2.9140375273964407,0.19071136301779745,1.0379041121152237,119.67318798415248,Nx- -> (x-5)/2 N2 + N5-,N1=N[N+]12[N-][N-]2,resultats/seeds_pubchem/work/frequency/N5_anion_iso0014_conf0/post_freq_minimum.xyz,True,1,0
10,N5_anion,anion,N5_anion_iso0023_conf0,-1,5,-14.532438670356639,-2.9064877340713275,0.2284603296433616,1.243344454362251,143.36102235177248,Nx- -> (x-5)/2 N2 + N5-,[n-]1n2n3n1n23,resultats/seeds_pubchem/work/xtb/N5_anion_iso0023_conf0/xtbopt.xyz,True,0,0
1,N7_anion,anion,N7_anion_iso0076_conf1,-1,7,-20.52151760739778,-2.9316453724853972,0.0033163926022190537,0.012891948577474274,2.0810677928906403,Nx- -> (x-5)/2 N2 + N5-,N#[N+]N=Nn1[n-][n-]1,resultats/seeds_pubchem/work/frequency/N7_anion_iso0076_conf1/post_freq_minimum.xyz,True,1,0
2,N7_anion,anion,N7_anion_iso0045_conf1,-1,7,-20.517101499558922,-2.931014499936989,0.0077325004410759846,0.03005886516419874,4.8522173206117305,Nx- -> (x-5)/2 N2 + N5-,N#[N+][N+]12[N-]N([N-]1)[N-]2,resultats/seeds_pubchem/work/frequency/N7_anion_iso0045_conf1/post_freq_minimum.xyz,True,1,0
3,N7_anion,anion,N7_anion_iso0054_conf1,-1,7,-20.508866442301414,-2.929838063185916,0.015967557698584045,0.06207133999160995,10.019793807105886,Nx- -> (x-5)/2 N2 + N5-,n1n[n+]2n[n-][n-]n1-2,resultats/seeds_pubchem/work/xtb/N7_anion_iso0054_conf1/xtbopt.xyz,True,0,0
4,N7_anion,anion,N7_anion_iso0127_conf0,-1,7,-20.506982543077967,-2.929568934725424,0.01785145692203116,0.069394698479858,11.201958426682047,Nx- -> (x-5)/2 N2 + N5-,[n+]1n2[n-][n-][n-]n2[n+]#1,resultats/seeds_pubchem/work/xtb/N7_anion_iso0127_conf0/xtbopt.xyz,True,0,0
5,N7_anion,anion,N7_anion_iso0023_conf1,-1,7,-20.486089526005543,-2.9265842180007917,0.038744473994455575,0.15061297810868118,24.31252467768734,Nx- -> (x-5)/2 N2 + N5-,[N-]=NN=[N+]1N=N[N-]1,resultats/seeds_pubchem/work/frequency/N7_anion_iso0023_conf1/post_freq_minimum.xyz,True,1,0
6,N7_anion,anion,N7_anion_iso0122_conf0,-1,7,-20.47232669472262,-2.924618099246089,0.052507305277377014,0.20411379494838713,32.948831761086076,Nx- -> (x-5)/2 N2 + N5-,[N-]=[n+]1nn[n+](=[N-])[n-]1,resultats/seeds_pubchem/work/xtb/N7_anion_iso0122_conf0/xtbopt.xyz,True,0,0
7,N7_anion,anion,N7_anion_iso0164_conf1,-1,7,-20.45513966914722,-2.922162809878174,0.06969433085277998,0.27092562228438205,43.733853219832035,Nx- -> (x-5)/2 N2 + N5-,[N-]1[N-][N+]12[n+]1[n-][n-][n+]12,resultats/seeds_pubchem/work/xtb/N7_anion_iso0164_conf1/xtbopt.xyz,True,0,0
8,N7_anion,anion,N7_anion_iso0059_conf1,-1,7,-20.44787410161607,-2.9211248716594382,0.07695989838392947,0.29916936005387035,48.29306571356092,Nx- -> (x-5)/2 N2 + N5-,N#[N+]N=N[N+]([N-2])=[N-],resultats/seeds_pubchem/work/xtb/N7_anion_iso0059_conf1/xtbopt.xyz,True,0,0
9,N7_anion,anion,N7_anion_iso0146_conf0,-1,7,-20.445891457553863,-2.920841636793409,0.07894254244613563,0.3068765733917284,49.53719365542833,Nx- -> (x-5)/2 N2 + N5-,[N-]=NN=N[N+]1=N[N-]1,resultats/seeds_pubchem/work/xtb/N7_anion_iso0146_conf0/xtbopt.xyz,True,0,0
10,N7_anion,anion,N7_anion_iso0223_conf1,-1,7,-20.441209647228398,-2.920172806746914,0.08362435277160074,0.3250763661198264,52.475074012002814,Nx- -> (x-5)/2 N2 + N5-,[N+]1=[n+]2[n-][n-][n-][n+]=1[n-]2,resultats/seeds_pubchem/work/xtb/N7_anion_iso0223_conf1/xtbopt.xyz,True,0,0
11,N7_anion,anion,N7_anion_iso0080_conf0,-1,7,-20.439136055455375,-2.9198765793507677,0.08569794454462354,0.33313712421300157,53.7762725044712,Nx- -> (x-5)/2 N2 + N5-,[N-]=[N+]=NN=[N+]1[N-][N-]1,resultats/seeds_pubchem/work/xtb/N7_anion_iso0080_conf0/xtbopt.xyz,True,0,0
12,N7_anion,anion,N7_anion_iso0201_conf0,-1,7,-20.438114783235054,-2.9197306833192935,0.08671921676494421,0.3371071574772078,54.41713050302697,Nx- -> (x-5)/2 N2 + N5-,[N-]=[N+]=[N+]=Nn1[n-][n-]1,resultats/seeds_pubchem/work/xtb/N7_anion_iso0201_conf0/xtbopt.xyz,True,0,0
13,N7_anion,anion,N7_anion_iso0051_conf1,-1,7,-20.43529120785208,-2.91932731540744,0.08954279214791683,0.34808335752588376,56.188950819587625,Nx- -> (x-5)/2 N2 + N5-,n1n[n-]n2[n-][n+]-2n1,resultats/seeds_pubchem/work/xtb/N7_anion_iso0051_conf1/xtbopt.xyz,True,0,0
14,N7_anion,anion,N7_anion_iso0084_conf0,-1,7,-20.426008167541358,-2.9180011667916226,0.0988258324586404,0.38416969973048026,62.014146605462294,Nx- -> (x-5)/2 N2 + N5-,[N-2][n+]1nn2n3n2n31,resultats/seeds_pubchem/work/xtb/N7_anion_iso0084_conf0/xtbopt.xyz,True,0,0
15,N7_anion,anion,N7_anion_iso0083_conf0,-1,7,-20.407408643556302,-2.9153440919366145,0.11742535644369667,0.45647238989460653,73.68552420487502,Nx- -> (x-5)/2 N2 + N5-,N#[N+]N1[N-][N+](=[N-])[N-]1,resultats/seeds_pubchem/work/xtb/N7_anion_iso0083_conf0/xtbopt.xyz,True,0,0
16,N7_anion,anion,N7_anion_iso0025_conf0,-1,7,-20.403135220869128,-2.914733602981304,0.12169877913087035,0.473084640656471,76.36713744744911,Nx- -> (x-5)/2 N2 + N5-,n1nn2n1n1[n-]n21,resultats/seeds_pubchem/work/frequency/N7_anion_iso0025_conf0/post_freq_minimum.xyz,True,1,0
17,N7_anion,anion,N7_anion_iso0129_conf1,-1,7,-20.390828133167915,-2.9129754475954166,0.1340058668320836,0.5209264859423227,84.08995163480981,Nx- -> (x-5)/2 N2 + N5-,N1=NN1[n+]1n[n-][n-]1,resultats/seeds_pubchem/work/xtb/N7_anion_iso0129_conf1/xtbopt.xyz,True,0,0
18,N7_anion,anion,N7_anion_iso0075_conf0,-1,7,-20.366995229896713,-2.9095707471281016,0.15783877010328595,0.6135731054103167,99.04532434176569,Nx- -> (x-5)/2 N2 + N5-,N1=[N+](N=[N+]2[N-][N-]2)[N-]1,resultats/seeds_pubchem/work/xtb/N7_anion_iso0075_conf0/xtbopt.xyz,True,0,0
19,N7_anion,anion,N7_anion_iso0024_conf0,-1,7,-20.358409105241737,-2.9083441578916767,0.1664248947582614,0.6469502988878506,104.43319894782339,Nx- -> (x-5)/2 N2 + N5-,[n-]1n2n1n1n3n2n13,resultats/seeds_pubchem/work/frequency/N7_anion_iso0024_conf0/post_freq_minimum.xyz,True,1,0
20,N7_anion,anion,N7_anion_iso0182_conf0,-1,7,-20.290565273419684,-2.8986521819170976,0.23426872658031428,0.9106824006189553,147.00584648560056,Nx- -> (x-5)/2 N2 + N5-,[N-]1N2[N-]N3N4N1[N+]234,resultats/seeds_pubchem/work/xtb/N7_anion_iso0182_conf0/xtbopt.xyz,True,0,0
1,N9_anion,anion,N9_anion_iso0162_conf0,-1,9,-26.39591841030014,-2.932879823366682,-0.10714941030013847,-0.32396488774521254,-67.23727059746777,Nx- -> (x-5)/2 N2 + N5-,[N-2][N+]12[N-][N+]34N5[N+]3([N-]1)[N+]54[N-]2,resultats/seeds_pubchem/work/xtb/N9_anion_iso0162_conf0/xtbopt.xyz,True,0,0
2,N9_anion,anion,N9_anion_iso0022_conf1,-1,9,-26.365061355705773,-2.929451261745086,-0.07629235570577109,-0.2306689731917826,-47.874176355598344,Nx- -> (x-5)/2 N2 + N5-,n1nn2n3[n-]n4n(n13)n24,resultats/seeds_pubchem/work/frequency/N9_anion_iso0022_conf1/post_freq_minimum.xyz,True,1,0
3,N9_anion,anion,N9_anion_iso0036_conf1,-1,9,-26.358289860564465,-2.9286988733960517,-0.06952086056446305,-0.21019544321923103,-43.62499896964517,Nx- -> (x-5)/2 N2 + N5-,N1=N[n+]2[n-]nn[n+]2[N-][N-]1,resultats/seeds_pubchem/work/xtb/N9_anion_iso0036_conf1/xtbopt.xyz,True,0,0
4,N9_anion,anion,N9_anion_iso0159_conf1,-1,9,-26.348951947821917,-2.9276613275357684,-0.06018294782191447,-0.18196238206713963,-37.76537021268252,Nx- -> (x-5)/2 N2 + N5-,[N-]=[N+]1[N-][n+]2nn[n-][n+]2[N-]1,resultats/seeds_pubchem/work/frequency/N9_anion_iso0159_conf1/post_freq_minimum.xyz,True,1,0
5,N9_anion,anion,N9_anion_iso0017_conf1,-1,9,-26.34320927717692,-2.927023253019658,-0.05444027717691924,-0.16459948995553272,-34.16178995005573,Nx- -> (x-5)/2 N2 + N5-,N1=N[N+]2(N=N1)N=N[N-][N-]2,resultats/seeds_pubchem/work/frequency/N9_anion_iso0017_conf1/post_freq_minimum.xyz,True,2,0
6,N9_anion,anion,N9_anion_iso0035_conf1,-1,9,-26.33862886904108,-2.9265143187823424,-0.04985986904107875,-0.15075068385013035,-31.287540428628805,Nx- -> (x-5)/2 N2 + N5-,N1=N[N+](=[N+]2[N-][N-][N-]2)N=N1,resultats/seeds_pubchem/work/xtb/N9_anion_iso0035_conf1/xtbopt.xyz,True,0,0
7,N9_anion,anion,N9_anion_iso0000_conf1,-1,9,-26.322012082514537,-2.9246680091682817,-0.03324308251453445,-0.10051003981224965,-20.860349378150648,Nx- -> (x-5)/2 N2 + N5-,[N-2][N+](=[N-])[n+]1nnnnn1,resultats/seeds_pubchem/work/xtb/N9_anion_iso0000_conf1/xtbopt.xyz,True,0,0
8,N9_anion,anion,N9_anion_iso0023_conf0,-1,9,-26.310009721168647,-2.923334413463183,-0.021240721168645393,-0.06422105198481592,-13.328753867157088,Nx- -> (x-5)/2 N2 + N5-,[N-2][n+]1nnn[n+]2[n-][n-][n+]12,resultats/seeds_pubchem/work/frequency/N9_anion_iso0023_conf0/post_freq_minimum.xyz,True,1,0
9,N9_anion,anion,N9_anion_iso0106_conf1,-1,9,-26.306814336388452,-2.922979370709828,-0.018045336388450295,-0.05455984648943368,-11.323619629579952,Nx- -> (x-5)/2 N2 + N5-,[N-]=NN1N=N[N+](=[N-])N=N1,resultats/seeds_pubchem/work/xtb/N9_anion_iso0106_conf1/xtbopt.xyz,True,0,0
10,N9_anion,anion,N9_anion_iso0127_conf1,-1,9,-26.30497742196777,-2.92277526910753,-0.01620842196776806,-0.04900595895587706,-10.170938419092296,Nx- -> (x-5)/2 N2 + N5-,[N-2][N+](=[N-])N=[N+]1N=NN=N1,resultats/seeds_pubchem/work/xtb/N9_anion_iso0127_conf1/xtbopt.xyz,True,0,0
11,N9_anion,anion,N9_anion_iso0044_conf0,-1,9,-26.300302670311982,-2.922255852256887,-0.01153367031198016,-0.034871906410353,-7.237487444647079,Nx- -> (x-5)/2 N2 + N5-,N1=N[N-][N+]2(N=N1)N=N[N-]2,resultats/seeds_pubchem/work/xtb/N9_anion_iso0044_conf0/xtbopt.xyz,True,0,0
12,N9_anion,anion,N9_anion_iso0011_conf1,-1,9,-26.257613923333558,-2.917512658148173,0.031155076666443904,0.09419698052155259,19.550105916950958,Nx- -> (x-5)/2 N2 + N5-,n1nn[n+](-n2[n-][n-]2)nn1,resultats/seeds_pubchem/work/frequency/N9_anion_iso0011_conf1/post_freq_minimum.xyz,True,1,0
13,N9_anion,anion,N9_anion_iso0047_conf0,-1,9,-26.256641730102437,-2.9174046366780484,0.03212726989756476,0.09713639446797089,20.160166384580194,Nx- -> (x-5)/2 N2 + N5-,N1=NN2[N-]N3N=NN1N23,resultats/seeds_pubchem/work/xtb/N9_anion_iso0047_conf0/xtbopt.xyz,True,0,0
14,N9_anion,anion,N9_anion_iso0129_conf1,-1,9,-26.25503552189399,-2.917226169099332,0.03373347810601146,0.10199274468480639,21.168077260101505,Nx- -> (x-5)/2 N2 + N5-,[N-]=N[N+]1=NN=N[N+](=[N-])[N-]1,resultats/seeds_pubchem/work/frequency/N9_anion_iso0129_conf1/post_freq_minimum.xyz,True,1,0
15,N9_anion,anion,N9_anion_iso0026_conf1,-1,9,-26.228610873892585,-2.914290097099176,0.06015812610741733,0.1818873339270875,37.74979435155867,Nx- -> (x-5)/2 N2 + N5-,[n-]1n2n3n4n1n1n2n1n34,resultats/seeds_pubchem/work/frequency/N9_anion_iso0026_conf1/post_freq_minimum.xyz,True,1,0
16,N9_anion,anion,N9_anion_iso0043_conf0,-1,9,-26.195025073869203,-2.9105583415410226,0.09374392613079863,0.28343357579561435,58.82520221501762,Nx- -> (x-5)/2 N2 + N5-,N1=N[N+]23N=N[N+]12[N-][N-][N-]3,resultats/seeds_pubchem/work/xtb/N9_anion_iso0043_conf0/xtbopt.xyz,True,0,0
17,N9_anion,anion,N9_anion_iso0015_conf1,-1,9,-26.19186306074992,-2.910207006749991,0.09690593925008173,0.29299388249602476,60.809395419053445,Nx- -> (x-5)/2 N2 + N5-,N1=NN2N=NN1[N+]21[N-][N-]1,resultats/seeds_pubchem/work/xtb/N9_anion_iso0015_conf1/xtbopt.xyz,True,0,0
18,N9_anion,anion,N9_anion_iso0139_conf0,-1,9,-26.17072433703674,-2.907858259670749,0.11804466296326055,0.35690654646341746,74.07414491610481,Nx- -> (x-5)/2 N2 + N5-,[n-]1n2n1n1[n-]n2[n+]2[n-][n+]1=2,resultats/seeds_pubchem/work/frequency/N9_anion_iso0139_conf0/post_freq_minimum.xyz,True,1,0
19,N9_anion,anion,N9_anion_iso0051_conf1,-1,9,-26.150574452802942,-2.9056193836447712,0.1381945471970596,0.41782946676317856,86.71838826696015,Nx- -> (x-5)/2 N2 + N5-,n1nn2n1n1n3[n-]n3n21,resultats/seeds_pubchem/work/frequency/N9_anion_iso0051_conf1/post_freq_minimum.xyz,True,1,0
20,N9_anion,anion,N9_anion_iso0014_conf1,-1,9,-26.068596013973725,-2.8965106682193027,0.22017298602627733,0.6656902404103946,138.160635679039,Nx- -> (x-5)/2 N2 + N5-,[N-2][N+]12N3N4N5N3N1N5N42,resultats/seeds_pubchem/work/xtb/N9_anion_iso0014_conf1/xtbopt.xyz,True,0,0
1,N11_anion,anion,N11_anion_iso0132_conf0,-1,11,-32.25380639938313,-2.932164218125739,-0.20110239938313157,-0.49747955132812105,-126.1936617966266,Nx- -> (x-5)/2 N2 + N5-,n1n[n+]([N-][n+]2nn[n-]n2)n[n-]1,resultats/seeds_pubchem/work/frequency/N11_anion_iso0132_conf0/post_freq_minimum.xyz,True,1,0
2,N11_anion,anion,N11_anion_iso0009_conf0,-1,11,-32.190944561076094,-2.9264495055523723,-0.1382405610760955,-0.3419743002094299,-86.74726241220566,Nx- -> (x-5)/2 N2 + N5-,N1=NN([n+]2nnnnn2)[N-][N-]1,resultats/seeds_pubchem/work/frequency/N11_anion_iso0009_conf0/post_freq_minimum.xyz,True,1,0
3,N11_anion,anion,N11_anion_iso0006_conf0,-1,11,-32.183339350831154,-2.9257581228028324,-0.13063535083115596,-0.3231608171678849,-81.97492089621159,Nx- -> (x-5)/2 N2 + N5-,n1nn[n+]2[n-][n-][n-]nn[n+]2n1,resultats/seeds_pubchem/work/xtb/N11_anion_iso0006_conf0/xtbopt.xyz,True,0,0
4,N11_anion,anion,N11_anion_iso0144_conf0,-1,11,-32.174399185092426,-2.924945380462948,-0.1216951850924275,-0.3010449714388223,-76.3648821542595,Nx- -> (x-5)/2 N2 + N5-,n1n[n+]2[n+]3[n+](n1)[N-][N-]N3[N-][N-]2,resultats/seeds_pubchem/work/xtb/N11_anion_iso0144_conf0/xtbopt.xyz,True,0,0
5,N11_anion,anion,N11_anion_iso0024_conf0,-1,11,-32.171497009646245,-2.924681546331477,-0.11879300964624662,-0.29386567898249044,-74.54373955301143,Nx- -> (x-5)/2 N2 + N5-,[N-2]n1[n+]([N-2])n[n+]2nnnn[n+]12,resultats/seeds_pubchem/work/frequency/N11_anion_iso0024_conf0/post_freq_minimum.xyz,True,1,0
6,N11_anion,anion,N11_anion_iso0024_conf1,-1,11,-32.16228873370246,-2.923844430336587,-0.10958473370246224,-0.27108659231285803,-68.76545911605804,Nx- -> (x-5)/2 N2 + N5-,[N-2]n1[n+]([N-2])n[n+]2nnnn[n+]12,resultats/seeds_pubchem/work/xtb/N11_anion_iso0024_conf1/xtbopt.xyz,True,0,0
7,N11_anion,anion,N11_anion_iso0130_conf0,-1,11,-32.142538699207684,-2.922048972655244,-0.08983469920768528,-0.22222969985749783,-56.37212526648364,Nx- -> (x-5)/2 N2 + N5-,n1[n+]2[n+](n[n+]3[n-][n-][n+]13)[N-][N-][N-]2,resultats/seeds_pubchem/work/frequency/N11_anion_iso0130_conf0/post_freq_minimum.xyz,True,2,0
8,N11_anion,anion,N11_anion_iso0175_conf0,-1,11,-32.130427383447056,-2.9209479439497326,-0.07772338344705787,-0.19226918248390198,-48.77215982749859,Nx- -> (x-5)/2 N2 + N5-,n1n[n+]2[n-][n-][n+]2[n+]2[n+]1[N-][N-][N-]2,resultats/seeds_pubchem/work/xtb/N11_anion_iso0175_conf0/xtbopt.xyz,True,0,0
9,N11_anion,anion,N11_anion_iso0214_conf1,-1,11,-32.12742522448433,-2.920675020407666,-0.07472122448432827,-0.184842554565112,-46.888276621905234,Nx- -> (x-5)/2 N2 + N5-,[N-2][N-][n+]1nn[n+]2nn[n-][n+]2n1,resultats/seeds_pubchem/work/frequency/N11_anion_iso0214_conf1/post_freq_minimum.xyz,True,1,0
10,N11_anion,anion,N11_anion_iso0025_conf0,-1,11,-32.111175934189816,-2.9191978121990743,-0.05847193418981789,-0.14464567143537507,-36.69169294040466,Nx- -> (x-5)/2 N2 + N5-,[N-2][n+]1n[n+]2nn[n-][n+]2n[n+]1[N-2],resultats/seeds_pubchem/work/xtb/N11_anion_iso0025_conf0/xtbopt.xyz,True,0,0
11,N11_anion,anion,N11_anion_iso0005_conf0,-1,11,-32.10612573291541,-2.91873870299231,-0.0534217329154103,-0.13215267348102183,-33.522643771511746,Nx- -> (x-5)/2 N2 + N5-,N#[N+][n+]1[n+]([N-2])n[n+]([N-2])n[n+]1[N-2],resultats/seeds_pubchem/work/xtb/N11_anion_iso0005_conf0/xtbopt.xyz,True,0,0
12,N11_anion,anion,N11_anion_iso0040_conf0,-1,11,-32.08054334880888,-2.916413031709898,-0.02783934880888239,-0.06886793393411679,-17.469455257633822,Nx- -> (x-5)/2 N2 + N5-,n1nn[n+]2[n-]n3[n-]n3[n-][n+]2n1,resultats/seeds_pubchem/work/frequency/N11_anion_iso0040_conf0/post_freq_minimum.xyz,True,1,0
13,N11_anion,anion,N11_anion_iso0110_conf0,-1,11,-32.06908493838588,-2.9153713580350797,-0.016380938385879062,-0.0405225492263533,-10.279194106683518,Nx- -> (x-5)/2 N2 + N5-,n1nn[n+]2[n+](n1)[N-][N-][N+]21[N-][N-]1,resultats/seeds_pubchem/work/frequency/N11_anion_iso0110_conf0/post_freq_minimum.xyz,True,1,0
14,N11_anion,anion,N11_anion_iso0115_conf1,-1,11,-32.06305172997435,-2.9148228845431223,-0.010347729974348852,-0.025597825191017644,-6.493298641643787,Nx- -> (x-5)/2 N2 + N5-,n1nn[n+]2[n+](n1)[N-][N+]1([N-][N-]1)[N-]2,resultats/seeds_pubchem/work/frequency/N11_anion_iso0115_conf1/post_freq_minimum.xyz,True,1,0
15,N11_anion,anion,N11_anion_iso0200_conf1,-1,11,-32.021074794629286,-2.9110067995117532,0.03162920537071301,0.07824313854510452,19.847626172990363,Nx- -> (x-5)/2 N2 + N5-,[N-2][n+]1[n+]2[n-][n-][n+]2n[n+]2[n-][n-][n+]12,resultats/seeds_pubchem/work/frequency/N11_anion_iso0200_conf1/post_freq_minimum.xyz,True,1,0
16,N11_anion,anion,N11_anion_iso0164_conf1,-1,11,-31.992418888129805,-2.9084017171027097,0.060285111870193475,0.14913104218022094,37.82947912135711,Nx- -> (x-5)/2 N2 + N5-,n1nn2n3n4[n-]n5n(n1n43)n25,resultats/seeds_pubchem/work/frequency/N11_anion_iso0164_conf1/post_freq_minimum.xyz,True,1,0
17,N11_anion,anion,N11_anion_iso0083_conf1,-1,11,-31.99101700126837,-2.9082742728425792,0.061686998731627085,0.15259897716746149,38.70917641493265,Nx- -> (x-5)/2 N2 + N5-,[n-]1n2n3n4n1n1n2n2n3n4n12,resultats/seeds_pubchem/work/frequency/N11_anion_iso0083_conf1/post_freq_minimum.xyz,True,1,0
18,N11_anion,anion,N11_anion_iso0176_conf0,-1,11,-31.958708868937073,-2.9053371699033703,0.09399513106292545,0.23252161969050264,58.9828356910164,Nx- -> (x-5)/2 N2 + N5-,[N-]1[N-][N+]12n1n3n4n2n2n1n2n34,resultats/seeds_pubchem/work/frequency/N11_anion_iso0176_conf0/post_freq_minimum.xyz,True,2,0
1,N13_anion,anion,N13_anion_iso0244_conf1,-1,13,-37.96419938682387,-2.9203230297556826,-0.1475603868238693,-0.3088709754209004,-92.59554140850643,Nx- -> (x-5)/2 N2 + N5-,n1n[n-][n+]2[n+]([n-]1)[n-][n+]1[n-]nn[n-][n+]12,resultats/seeds_pubchem/work/frequency/N13_anion_iso0244_conf1/post_freq_minimum.xyz,True,1,0
2,N13_anion,anion,N13_anion_iso0246_conf1,-1,13,-37.780937009574544,-2.9062259238134263,0.03570199042545852,0.07473081932443978,22.403337399437426,Nx- -> (x-5)/2 N2 + N5-,n1nn[n+]2[n+](n1)[N+]1([N-][N-]1)[N-][N+]21[N-][N-]1,resultats/seeds_pubchem/work/xtb/N13_anion_iso0246_conf1/xtbopt.xyz,True,0,0
3,N13_anion,anion,N13_anion_iso0246_conf0,-1,13,-37.77838240141745,-2.9060294154936503,0.03825659858254937,0.08007808311442062,24.00637823230512,Nx- -> (x-5)/2 N2 + N5-,n1nn[n+]2[n+](n1)[N+]1([N-][N-]1)[N-][N+]21[N-][N-]1,resultats/seeds_pubchem/work/frequency/N13_anion_iso0246_conf0/post_freq_minimum.xyz,True,1,0
1,N5_cation,cation,N5_cation_iso0004_conf1,1,5,-13.985264489345171,-2.797052897869034,-0.16832948934517056,-0.9160957502322714,-105.62835010413654,Nx+ -> (x-5)/2 N2 + N5+,N#[N+][N-][N+]#N,resultats/seeds_pubchem/work/xtb/N5_cation_iso0004_conf1/xtbopt.xyz,True,0,0
2,N5_cation,cation,N5_cation_iso0008_conf1,1,5,-13.867082469677952,-2.7734164939355903,-0.050147469677950696,-0.27291643333313753,-31.468012554338095,Nx+ -> (x-5)/2 N2 + N5+,N#[N+][N+]1=N[N-]1,resultats/seeds_pubchem/work/xtb/N5_cation_iso0008_conf1/xtbopt.xyz,True,0,0
3,N5_cation,cation,N5_cation_iso0018_conf1,1,5,-13.818175980294782,-2.7636351960589565,-0.0012409802947814796,-0.006753758824991777,-0.7787268978207325,Nx+ -> (x-5)/2 N2 + N5+,N1=[N+]=[N+]2[N-]N12,resultats/seeds_pubchem/work/xtb/N5_cation_iso0018_conf1/xtbopt.xyz,True,0,0
4,N5_cation,cation,N5_cation_iso0015_conf1,1,5,-13.816934517874337,-2.7633869035748675,4.821256638365412e-07,2.623861531551898e-06,0.00030253842396853035,Nx+ -> (x-5)/2 N2 + N5+,[N-]1n2[n+]3n1[n+]23,resultats/seeds_pubchem/work/xtb/N5_cation_iso0015_conf1/xtbopt.xyz,True,0,0
5,N5_cation,cation,N5_cation_iso0005_conf0,1,5,-13.771717484768937,-2.7543434969537874,0.0452175152310641,0.2460862544072661,28.37441940949486,Nx+ -> (x-5)/2 N2 + N5+,N1=N[N+]12N=N2,resultats/seeds_pubchem/work/frequency/N5_cation_iso0005_conf0/post_freq_minimum.xyz,True,1,0
6,N5_cation,cation,N5_cation_iso0009_conf1,1,5,-13.691512249778494,-2.738302449955699,0.12542275022150662,0.6825853800622987,78.70396460512441,Nx+ -> (x-5)/2 N2 + N5+,N12N3N4N1[N+]234,resultats/seeds_pubchem/work/xtb/N5_cation_iso0009_conf1/xtbopt.xyz,True,0,0
7,N5_cation,cation,N5_cation_iso0012_conf1,1,5,-13.689519483389645,-2.737903896677929,0.12741551661035544,0.6934305672432963,79.95444440290632,Nx+ -> (x-5)/2 N2 + N5+,[N-]1[N+]23N4N2[N+]143,resultats/seeds_pubchem/work/xtb/N5_cation_iso0012_conf1/xtbopt.xyz,True,0,0
1,N7_cation,cation,N7_cation_iso0057_conf1,1,7,-19.793481500274943,-2.8276402143249917,-0.21261150027494224,-0.8264933791886339,-133.41573169723185,Nx+ -> (x-5)/2 N2 + N5+,N#[N+]N=N[N-][N+]#N,resultats/seeds_pubchem/work/xtb/N7_cation_iso0057_conf1/xtbopt.xyz,True,0,0
2,N7_cation,cation,N7_cation_iso0113_conf0,1,7,-19.78361016488912,-2.8262300235555884,-0.20274016488911784,-0.7881201334818686,-127.22137517547527,Nx+ -> (x-5)/2 N2 + N5+,[N-]=[N+]1[n+]2nn[n-][n+]21,resultats/seeds_pubchem/work/frequency/N7_cation_iso0113_conf0/post_freq_minimum.xyz,True,1,0
3,N7_cation,cation,N7_cation_iso0002_conf1,1,7,-19.750441180134732,-2.8214915971621046,-0.1695711801347315,-0.659180982690598,-106.40752284416594,Nx+ -> (x-5)/2 N2 + N5+,[N-]=[N+]=[N+]1N=NN=N1,resultats/seeds_pubchem/work/xtb/N7_cation_iso0002_conf1/xtbopt.xyz,True,0,0
4,N7_cation,cation,N7_cation_iso0005_conf0,1,7,-19.648049733777363,-2.8068642476824803,-0.06717973377736186,-0.2611505262454914,-42.15591971996591,Nx+ -> (x-5)/2 N2 + N5+,N1=N[N+]2(N=N1)N=N2,resultats/seeds_pubchem/work/xtb/N7_cation_iso0005_conf0/xtbopt.xyz,True,0,0
5,N7_cation,cation,N7_cation_iso0068_conf1,1,7,-19.59438867548922,-2.799198382212746,-0.01351867548921959,-0.05255170003876072,-8.483097008578104,Nx+ -> (x-5)/2 N2 + N5+,n1[n-][n-][n+]2n3[n+]1[n+]32,resultats/seeds_pubchem/work/xtb/N7_cation_iso0068_conf1/xtbopt.xyz,True,0,0
6,N7_cation,cation,N7_cation_iso0030_conf1,1,7,-19.508507605011445,-2.786929657858778,0.07236239498855568,0.28129729710261925,45.40808875473649,Nx+ -> (x-5)/2 N2 + N5+,[n-]1n2n3n4n1[n+]4[n+]23,resultats/seeds_pubchem/work/xtb/N7_cation_iso0030_conf1/xtbopt.xyz,True,0,0
1,N9_cation,cation,N9_cation_iso0105_conf0,1,9,-25.622778024016874,-2.846975336001875,-0.2779730240168732,-0.8404479247209372,-174.43070738574804,Nx+ -> (x-5)/2 N2 + N5+,n1[n+]2[n+]3n[n+]([n+]1[N-][N-]2)[N-]3,resultats/seeds_pubchem/work/frequency/N9_cation_iso0105_conf0/post_freq_minimum.xyz,True,1,0
2,N9_cation,cation,N9_cation_iso0037_conf0,1,9,-25.575860605126127,-2.8417622894584587,-0.23105560512612655,-0.6985937017097238,-144.98958231697293,Nx+ -> (x-5)/2 N2 + N5+,n1nnn[n+]2[n-][n+]-2nn1,resultats/seeds_pubchem/work/frequency/N9_cation_iso0037_conf0/post_freq_minimum.xyz,True,1,0
3,N9_cation,cation,N9_cation_iso0007_conf0,1,9,-25.571835578776014,-2.841315064308446,-0.22703057877601296,-0.6864240854138105,-142.4638401303715,Nx+ -> (x-5)/2 N2 + N5+,N1=N[N+]2(N=N1)N=NN=N2,resultats/seeds_pubchem/work/frequency/N9_cation_iso0007_conf0/post_freq_minimum.xyz,True,1,0
4,N9_cation,cation,N9_cation_iso0001_conf1,1,9,-25.568282992801784,-2.8409203325335315,-0.22347799280178293,-0.6756828866230491,-140.23455875774442,Nx+ -> (x-5)/2 N2 + N5+,[N-2][N+]#[N+][n+]1nnnnn1,resultats/seeds_pubchem/work/frequency/N9_cation_iso0001_conf1/post_freq_minimum.xyz,True,2,0
5,N9_cation,cation,N9_cation_iso0017_conf0,1,9,-25.462462654746638,-2.829162517194071,-0.11765765474663681,-0.35573643201198196,-73.83129359184942,Nx+ -> (x-5)/2 N2 + N5+,N1=NN1[n+]1nnnnn1,resultats/seeds_pubchem/work/frequency/N9_cation_iso0017_conf0/post_freq_minimum.xyz,True,1,0
6,N9_cation,cation,N9_cation_iso0025_conf0,1,9,-25.45618741322157,-2.82846526813573,-0.11138241322156972,-0.33676331857581937,-69.89352005391277,Nx+ -> (x-5)/2 N2 + N5+,n1[n-]n[n+]2n3n4n3n4[n+]12,resultats/seeds_pubchem/work/xtb/N9_cation_iso0025_conf0/xtbopt.xyz,True,0,0
7,N9_cation,cation,N9_cation_iso0178_conf0,1,9,-25.441312214871783,-2.826812468319087,-0.0965072148717816,-0.2917883443778451,-60.559192092292456,Nx+ -> (x-5)/2 N2 + N5+,N1=N[N+]23[N-][N+]24N=NN1N34,resultats/seeds_pubchem/work/xtb/N9_cation_iso0178_conf0/xtbopt.xyz,True,0,0
8,N9_cation,cation,N9_cation_iso0160_conf1,1,9,-25.4396946449505,-2.826632738327833,-0.09488964495049856,-0.28689764216585345,-59.544151634272396,Nx+ -> (x-5)/2 N2 + N5+,[N-]=N[n+]1nn[n+]2n[n+]1[N-]2,resultats/seeds_pubchem/work/xtb/N9_cation_iso0160_conf1/xtbopt.xyz,True,0,0
9,N9_cation,cation,N9_cation_iso0152_conf0,1,9,-25.435773726058585,-2.826197080673176,-0.09096872605858408,-0.2750427934539561,-57.08373786449137,Nx+ -> (x-5)/2 N2 + N5+,N1=N[N+]23n4n(n42)N=[N+]3[N-]1,resultats/seeds_pubchem/work/xtb/N9_cation_iso0152_conf0/xtbopt.xyz,True,0,0
10,N9_cation,cation,N9_cation_iso0126_conf1,1,9,-25.41192962675166,-2.82354773630574,-0.06712462675166009,-0.20295046057302238,-42.121339538996615,Nx+ -> (x-5)/2 N2 + N5+,n1n[n+]2nn3[n-][n+](n1)n32,resultats/seeds_pubchem/work/xtb/N9_cation_iso0126_conf1/xtbopt.xyz,True,0,0
11,N9_cation,cation,N9_cation_iso0136_conf0,1,9,-25.345237163792458,-2.8161374626436064,-0.00043216379245691883,-0.0013066417642306903,-0.27118687610561865,Nx+ -> (x-5)/2 N2 + N5+,n1n2n[n+]3[n-][n+]2n[n+]1[N-]3,resultats/seeds_pubchem/work/xtb/N9_cation_iso0136_conf0/xtbopt.xyz,True,0,0
12,N9_cation,cation,N9_cation_iso0036_conf0,1,9,-25.340954412943887,-2.81566160143821,0.003850587056113852,0.011642201295301765,2.416279876163717,Nx+ -> (x-5)/2 N2 + N5+,N1=N[N+]12n1n3n1n1n2n31,resultats/seeds_pubchem/work/xtb/N9_cation_iso0036_conf0/xtbopt.xyz,True,0,0
1,N11_cation,cation,N11_cation_iso0105_conf1,1,11,-31.428285562588602,-2.8571168693262368,-0.31954556258860123,-0.7904797933445419,-200.51786939197078,Nx+ -> (x-5)/2 N2 + N5+,n1n[n+]2[n-][n+]3nn[n-][n+]3[n+]2[n-]1,resultats/seeds_pubchem/work/xtb/N11_cation_iso0105_conf1/xtbopt.xyz,True,0,0
2,N11_cation,cation,N11_cation_iso0225_conf1,1,11,-31.424038328372593,-2.8567307571247813,-0.31529832837259164,-0.7799731450964498,-197.8526896632841,Nx+ -> (x-5)/2 N2 + N5+,[N-]=N[N-][N+]1=NN=[N+]2N=NN=[N+]21,resultats/seeds_pubchem/work/xtb/N11_cation_iso0225_conf1/xtbopt.xyz,True,0,0
3,N11_cation,cation,N11_cation_iso0042_conf1,1,11,-31.354848465897753,-2.8504407696270686,-0.24610846589775193,-0.608813865813754,-154.43539513229996,Nx+ -> (x-5)/2 N2 + N5+,n1nn[n+](-[n+]2nn[n-]n2)nn1,resultats/seeds_pubchem/work/frequency/N11_cation_iso0042_conf1/post_freq_minimum.xyz,True,1,0
4,N11_cation,cation,N11_cation_iso0102_conf0,1,11,-31.330490022433874,-2.848226365675807,-0.22175002243387354,-0.5485568645913307,-139.15024097301668,Nx+ -> (x-5)/2 N2 + N5+,[N-]=N[N-][n+]1nnn[n+]2[n+]1N=N2,resultats/seeds_pubchem/work/frequency/N11_cation_iso0102_conf0/post_freq_minimum.xyz,True,1,0
5,N11_cation,cation,N11_cation_iso0100_conf0,1,11,-31.31096042566185,-2.846450947787441,-0.2022204256618494,-0.5002452826829715,-126.89523388392658,Nx+ -> (x-5)/2 N2 + N5+,n1n[n+]2[n+]3nn[n+]([n+]2[n-]1)[N-][N-]3,resultats/seeds_pubchem/work/xtb/N11_cation_iso0100_conf0/xtbopt.xyz,True,0,0
6,N11_cation,cation,N11_cation_iso0062_conf1,1,11,-31.26849814626848,-2.842590740569862,-0.15975814626848006,-0.39520369309587794,-100.24975107856238,Nx+ -> (x-5)/2 N2 + N5+,N1=N[N+]2([N-][N-]2)[n+]2nnnn[n+]21,resultats/seeds_pubchem/work/frequency/N11_cation_iso0062_conf1/post_freq_minimum.xyz,True,1,0
7,N11_cation,cation,N11_cation_iso0078_conf0,1,11,-31.22419346125292,-2.8385630419320838,-0.115453461252919,-0.2856044297808535,-72.44814128171402,Nx+ -> (x-5)/2 N2 + N5+,[N-]=[N+]=[N+]1n2n3n4n1n1n2n1n34,resultats/seeds_pubchem/work/xtb/N11_cation_iso0078_conf0/xtbopt.xyz,True,0,0
8,N11_cation,cation,N11_cation_iso0209_conf1,1,11,-31.116900100988563,-2.8288091000898694,-0.00816010098856168,-0.020186150891456398,-5.120540717244404,Nx+ -> (x-5)/2 N2 + N5+,[n-]1[n-][n+]2[n+]3n1n1n4[n-][n+]2[n+]4n13,resultats/seeds_pubchem/work/xtb/N11_cation_iso0209_conf1/xtbopt.xyz,True,0,0
9,N11_cation,cation,N11_cation_iso0148_conf0,1,11,-31.04624813125267,-2.822386193750243,0.062491868747329704,0.15459003433792498,39.21423997888504,Nx+ -> (x-5)/2 N2 + N5+,[N-]1[N+]23N4N5N6N7N5N4[N+]12N7N63,resultats/seeds_pubchem/work/xtb/N11_cation_iso0148_conf0/xtbopt.xyz,True,0,0
1,N13_cation,cation,N13_cation_iso0119_conf1,1,13,-37.21265828296693,-2.8625121756128404,-0.3399832829669265,-0.7116474176916976,-213.34273265182077,Nx+ -> (x-5)/2 N2 + N5+,n1nn[n+]2[n+](n1)[N-][n+]1nn[n-][n+]1[N-]2,resultats/seeds_pubchem/work/xtb/N13_cation_iso0119_conf1/xtbopt.xyz,True,0,0
2,N13_cation,cation,N13_cation_iso0005_conf0,1,13,-37.14817382496286,-2.8575518326894507,-0.2754988249628596,-0.5766696104907856,-172.87812402723284,Nx+ -> (x-5)/2 N2 + N5+,[N-2][n+]1nn[n+](-[n+]2nnnnn2)nn1,resultats/seeds_pubchem/work/xtb/N13_cation_iso0005_conf0/xtbopt.xyz,True,0,0
3,N13_cation,cation,N13_cation_iso0070_conf1,1,13,-37.12256933103417,-2.8555822562333977,-0.24989433103417014,-0.5230747048041222,-156.8110613903768,Nx+ -> (x-5)/2 N2 + N5+,N1=N[N+]2(N=N1)[N-][n+]1nnnn[n+]1[N-]2,resultats/seeds_pubchem/work/frequency/N13_cation_iso0070_conf1/post_freq_minimum.xyz,True,1,0
4,N13_cation,cation,N13_cation_iso0068_conf1,1,13,-36.903335838661455,-2.8387181414354967,-0.030660838661454193,-0.06417876334175013,-19.239966884099903,Nx+ -> (x-5)/2 N2 + N5+,n1nnn([N+]23N4N5N6N4N2N6N53)n1,resultats/seeds_pubchem/work/xtb/N13_cation_iso0068_conf1/xtbopt.xyz,True,0,0
1,N15_cation,cation,N15_cation_iso0132_conf0,1,15,-43.038960020924755,-2.8692640013949835,-0.40235002092475014,-0.7299001216976486,-252.47845187421703,Nx+ -> (x-5)/2 N2 + N5+,n1n[n-][n+](-[n+]2nn[n+](-[n+]3nnn[n-]3)[n-]2)n1,resultats/seeds_pubchem/work/frequency/N15_cation_iso0132_conf0/post_freq_minimum.xyz,True,1,0
2,N15_cation,cation,N15_cation_iso0114_conf1,1,15,-42.625784432080096,-2.841718962138673,0.010825567919908963,0.019638580666721313,6.793146481751982,Nx+ -> (x-5)/2 N2 + N5+,[N-]1[N+]2(n3n4n3n3n2n43)[N+]12n1n3n1n1n2n31,resultats/seeds_pubchem/work/xtb/N15_cation_iso0114_conf1/xtbopt.xyz,True,0,0
1,N4_neutral,neutral,N4_neutral_iso0006_conf1,0,4,-11.4843315641678,-2.87108289104195,0.04353919068006995,0.29619043360827607,27.321254845457855,Nx -> (x/2) N2,n12n3n1n23,resultats/seeds_pubchem/work/xtb/N4_neutral_iso0006_conf1/xtbopt.xyz,True,0,0
2,N4_neutral,neutral,N4_neutral_iso0002_conf1,0,4,-11.442147026774123,-2.8605367566935307,0.08572372807374684,0.5831653687651925,53.79245191338969,Nx -> (x/2) N2,[N-]=[N+]1N=N1,resultats/seeds_pubchem/work/xtb/N4_neutral_iso0002_conf1/xtbopt.xyz,True,0,0
3,N4_neutral,neutral,N4_neutral_iso0008_conf0,0,4,-11.434908768620208,-2.858727192155052,0.09296198622766205,0.6324061283587823,58.33452751404744,Nx -> (x/2) N2,n1n2[n-][n+]1-2,resultats/seeds_pubchem/work/frequency/N4_neutral_iso0008_conf0/post_freq_minimum.xyz,True,1,0
4,N4_neutral,neutral,N4_neutral_iso0004_conf0,0,4,-11.417980089022091,-2.8544950222555228,0.10989066582577856,0.7475693381535135,68.95743442326932,Nx -> (x/2) N2,N1=NN=N1,resultats/seeds_pubchem/work/frequency/N4_neutral_iso0004_conf0/post_freq_minimum.xyz,True,1,0
1,N6_neutral,neutral,N6_neutral_iso0017_conf1,0,6,-17.393330667422013,-2.8988884445703356,-0.1015245351502081,-0.46043722323611624,-63.70760812453905,Nx -> (x/2) N2,N#[N+][N-]N=[N+]=[N-],resultats/seeds_pubchem/work/xtb/N6_neutral_iso0017_conf1/xtbopt.xyz,True,0,0
2,N6_neutral,neutral,N6_neutral_iso0055_conf1,0,6,-17.354948824743005,-2.892491470790501,-0.06314269247119952,-0.28636669890757477,-39.62263803455806,Nx -> (x/2) N2,N1=N[N+]2=NN2[N-]1,resultats/seeds_pubchem/work/xtb/N6_neutral_iso0055_conf1/xtbopt.xyz,True,0,0
3,N6_neutral,neutral,N6_neutral_iso0110_conf1,0,6,-17.30569042789228,-2.8842817379820467,-0.013884295620474774,-0.06296848848036977,-8.712527106534086,Nx -> (x/2) N2,[N-]=[N+]=NN1N=N1,resultats/seeds_pubchem/work/xtb/N6_neutral_iso0110_conf1/xtbopt.xyz,True,0,0
4,N6_neutral,neutral,N6_neutral_iso0008_conf1,0,6,-17.296785748589325,-2.8827976247648874,-0.004979616317520197,-0.02258371049547775,-3.1247564393944107,Nx -> (x/2) N2,[N-]=[N+]1N=NN=N1,resultats/seeds_pubchem/work/xtb/N6_neutral_iso0008_conf1/xtbopt.xyz,True,0,0
5,N6_neutral,neutral,N6_neutral_iso0099_conf1,0,6,-17.29035881528102,-2.8817264692135036,0.0014473169907844863,0.006563916942769619,0.9082051303605122,Nx -> (x/2) N2,[N-2]N=[N+]1N2N=[N+]21,resultats/seeds_pubchem/work/xtb/N6_neutral_iso0099_conf1/xtbopt.xyz,True,0,0
6,N6_neutral,neutral,N6_neutral_iso0075_conf0,0,6,-17.267766117576063,-2.8779610195960106,0.024040014695742684,0.1090270208741803,15.085337088996223,Nx -> (x/2) N2,[N-]=[N+]=N[N+]1=N[N-]1,resultats/seeds_pubchem/work/xtb/N6_neutral_iso0075_conf0/xtbopt.xyz,True,0,0
7,N6_neutral,neutral,N6_neutral_iso0092_conf0,0,6,-17.260063128415435,-2.876677188069239,0.03174300385636997,0.1439618564239283,19.91903580139864,Nx -> (x/2) N2,[n+]1n2[n-][n-]n2[n+]#1,resultats/seeds_pubchem/work/xtb/N6_neutral_iso0092_conf0/xtbopt.xyz,True,0,0
8,N6_neutral,neutral,N6_neutral_iso0009_conf0,0,6,-17.258647715474336,-2.876441285912389,0.03315841679746967,0.15038108113023393,20.807220838173926,Nx -> (x/2) N2,n1nn2n3n1n23,resultats/seeds_pubchem/work/xtb/N6_neutral_iso0009_conf0/xtbopt.xyz,True,0,0
9,N6_neutral,neutral,N6_neutral_iso0114_conf0,0,6,-17.216756768606068,-2.8694594614343445,0.07504936366573745,0.3403662037039999,47.09418706856321,Nx -> (x/2) N2,[n-]1n2n1[n+]1[n-][n+]21,resultats/seeds_pubchem/work/frequency/N6_neutral_iso0114_conf0/post_freq_minimum.xyz,True,2,0
10,N6_neutral,neutral,N6_neutral_iso0060_conf1,0,6,-17.211145239413945,-2.8685242065689907,0.08066089285786049,0.36581578508358276,50.61547482646587,Nx -> (x/2) N2,[N-]=[n+]1n2[n+](=[N-])n1-2,resultats/seeds_pubchem/work/xtb/N6_neutral_iso0060_conf1/xtbopt.xyz,True,0,0
11,N6_neutral,neutral,N6_neutral_iso0076_conf1,0,6,-17.202780632492406,-2.867130105415401,0.08902549977939955,0.40375121003989345,55.86434495509827,Nx -> (x/2) N2,[N-2]n1n2n3[n+]1[n+]23,resultats/seeds_pubchem/work/xtb/N6_neutral_iso0076_conf1/xtbopt.xyz,True,0,0
12,N6_neutral,neutral,N6_neutral_iso0020_conf1,0,6,-17.175552067545006,-2.862592011257501,0.11625406472679956,0.5272390429911721,72.95052755023191,Nx -> (x/2) N2,n12n3n1n1n2n31,resultats/seeds_pubchem/work/xtb/N6_neutral_iso0020_conf1/xtbopt.xyz,True,0,0
1,N8_neutral,neutral,N8_neutral_iso0077_conf0,0,8,-23.23642574522754,-2.9045532181534424,-0.1806842355317997,-0.6145835652021088,-113.38107044283487,Nx -> (x/2) N2,n1nn2nn[n-][n+]2n1,resultats/seeds_pubchem/work/xtb/N8_neutral_iso0077_conf0/xtbopt.xyz,True,0,0
2,N8_neutral,neutral,N8_neutral_iso0034_conf0,0,8,-23.220625810032104,-2.902578226254013,-0.16488430033636448,-0.5608412977940378,-103.46646134529364,Nx -> (x/2) N2,[N-]=NN=[N+]1N=NN=N1,resultats/seeds_pubchem/work/xtb/N8_neutral_iso0034_conf0/xtbopt.xyz,True,0,0
3,N8_neutral,neutral,N8_neutral_iso0172_conf1,0,8,-23.20413316868495,-2.900516646085619,-0.1483916589892118,-0.5047428435547975,-93.11717257161519,Nx -> (x/2) N2,[N-]=[N+]=NN=NN=[N+]=[N-],resultats/seeds_pubchem/work/xtb/N8_neutral_iso0172_conf1/xtbopt.xyz,True,0,0
4,N8_neutral,neutral,N8_neutral_iso0038_conf0,0,8,-23.191652332653593,-2.898956541581699,-0.13591082295785384,-0.4622902373145317,-85.28532966018521,Nx -> (x/2) N2,[N-]=N[N+]1=[N+](N=[N-])N=N1,resultats/seeds_pubchem/work/xtb/N8_neutral_iso0038_conf0/xtbopt.xyz,True,0,0
5,N8_neutral,neutral,N8_neutral_iso0172_conf0,0,8,-23.189560972815332,-2.8986951216019166,-0.13381946311959325,-0.4551766372722498,-83.97298153836245,Nx -> (x/2) N2,[N-]=[N+]=NN=NN=[N+]=[N-],resultats/seeds_pubchem/work/xtb/N8_neutral_iso0172_conf0/xtbopt.xyz,True,0,0
6,N8_neutral,neutral,N8_neutral_iso0076_conf0,0,8,-23.14633850124643,-2.8932923126558037,-0.09059699155069012,-0.3081587162262925,-56.850470937238384,Nx -> (x/2) N2,[N-]=[N+]=N[N+](=[N-])N=[N+]=[N-],resultats/seeds_pubchem/work/frequency/N8_neutral_iso0076_conf0/post_freq_minimum.xyz,True,1,0
7,N8_neutral,neutral,N8_neutral_iso0001_conf1,0,8,-23.13064344293008,-2.89133043036626,-0.07490193323434013,-0.2547731794763543,-47.00167307541667,Nx -> (x/2) N2,n1n[n+]2n[n-][n-]n[n+]1-2,resultats/seeds_pubchem/work/xtb/N8_neutral_iso0001_conf1/xtbopt.xyz,True,0,0
8,N8_neutral,neutral,N8_neutral_iso0227_conf1,0,8,-23.12929966308491,-2.891162457885614,-0.07355815338917182,-0.2502024154267982,-46.158438485324965,Nx -> (x/2) N2,[n-]1n2[n-][n+]3n4n2n4[n+]13,resultats/seeds_pubchem/work/frequency/N8_neutral_iso0227_conf1/post_freq_minimum.xyz,True,1,0
9,N8_neutral,neutral,N8_neutral_iso0039_conf1,0,8,-23.11897075981508,-2.889871344976885,-0.06322925011934188,-0.21506944338019934,-39.676953779218955,Nx -> (x/2) N2,n1n[n+]2nn[n+]1[N-][N-]2,resultats/seeds_pubchem/work/xtb/N8_neutral_iso0039_conf1/xtbopt.xyz,True,0,0
10,N8_neutral,neutral,N8_neutral_iso0136_conf0,0,8,-23.10245928925826,-2.8878074111572825,-0.046717779562520434,-0.15890694302883346,-29.315849497997437,Nx -> (x/2) N2,[N-]=NN=N[N+]1=NN=N1,resultats/seeds_pubchem/work/xtb/N8_neutral_iso0136_conf0/xtbopt.xyz,True,0,0
11,N8_neutral,neutral,N8_neutral_iso0169_conf0,0,8,-23.101348768123746,-2.887668596015468,-0.0456072584280065,-0.15512959058813455,-28.618986959824202,Nx -> (x/2) N2,n1nn[n+]2nn-2[n-]n1,resultats/seeds_pubchem/work/xtb/N8_neutral_iso0169_conf0/xtbopt.xyz,True,0,0
12,N8_neutral,neutral,N8_neutral_iso0009_conf0,0,8,-23.08667678605533,-2.8858345982569165,-0.03093527635959248,-0.10522396920590656,-19.41217914098664,Nx -> (x/2) N2,n1nn2n3nnn1n23,resultats/seeds_pubchem/work/xtb/N8_neutral_iso0009_conf0/xtbopt.xyz,True,0,0
13,N8_neutral,neutral,N8_neutral_iso0037_conf1,0,8,-23.072436652187204,-2.8840545815234004,-0.01669514249146431,-0.05678724634588022,-10.476360161175963,Nx -> (x/2) N2,N1=N[N+](=[N+]2[N-][N-]2)N=N1,resultats/seeds_pubchem/work/xtb/N8_neutral_iso0037_conf1/xtbopt.xyz,True,0,0
14,N8_neutral,neutral,N8_neutral_iso0049_conf0,0,8,-23.05597400711355,-2.881996750889194,-0.00023249741781228295,-0.0007908221296606102,-0.1458943334440058,Nx -> (x/2) N2,[N-2][N+]1=NN=N[N+]2=NN12,resultats/seeds_pubchem/work/frequency/N8_neutral_iso0049_conf0/post_freq_minimum.xyz,True,1,0
15,N8_neutral,neutral,N8_neutral_iso0130_conf1,0,8,-23.035215879727172,-2.8794019849658965,0.020525629968567216,0.06981635562711362,12.880027360992992,Nx -> (x/2) N2,N1=NN2[N-][N+]23N=NN13,resultats/seeds_pubchem/work/xtb/N8_neutral_iso0130_conf1/xtbopt.xyz,True,0,0
16,N8_neutral,neutral,N8_neutral_iso0145_conf1,0,8,-23.024823628404103,-2.878102953550513,0.03091788129163575,0.10516480121678834,19.40126357096165,Nx -> (x/2) N2,N1=[N+]2N=[N+]1N1[N-][N-]N12,resultats/seeds_pubchem/work/xtb/N8_neutral_iso0145_conf1/xtbopt.xyz,True,0,0
17,N8_neutral,neutral,N8_neutral_iso0052_conf1,0,8,-23.014845896330897,-2.876855737041362,0.040895613364842376,0.13910329137966435,25.662385022549888,Nx -> (x/2) N2,[N-]=[N+]1n2n3n2n2n1n32,resultats/seeds_pubchem/work/frequency/N8_neutral_iso0052_conf1/post_freq_minimum.xyz,True,1,0
18,N8_neutral,neutral,N8_neutral_iso0219_conf0,0,8,-23.01298963631012,-2.876623704538765,0.04275187338561892,0.14541721742945637,26.827205780467327,Nx -> (x/2) N2,[n-]1[n+]2[n-][n+]3[n-][n+]3[n-][n+]12,resultats/seeds_pubchem/work/frequency/N8_neutral_iso0219_conf0/post_freq_minimum.xyz,True,1,0
19,N8_neutral,neutral,N8_neutral_iso0063_conf1,0,8,-22.996899146349364,-2.8746123932936705,0.05884236334637549,0.2001477845806238,36.92414074732108,Nx -> (x/2) N2,n1nn2n3nnn2n13,resultats/seeds_pubchem/work/xtb/N8_neutral_iso0063_conf1/xtbopt.xyz,True,0,0
20,N8_neutral,neutral,N8_neutral_iso0080_conf1,0,8,-22.99271701337494,-2.8740896266718674,0.06302449632079998,0.21437298904301724,39.548468829839784,Nx -> (x/2) N2,[n-]1[n-][n+]2[n+]1-[n+]1[n-][n-][n+]1-2,resultats/seeds_pubchem/work/xtb/N8_neutral_iso0080_conf1/xtbopt.xyz,True,0,0
21,N8_neutral,neutral,N8_neutral_iso0141_conf1,0,8,-22.988366151656823,-2.873545768957103,0.06737535803891603,0.2291721113823346,42.27867579834939,Nx -> (x/2) N2,n1nn2n1[n+]1[n-][n-][n+]21,resultats/seeds_pubchem/work/xtb/N8_neutral_iso0141_conf1/xtbopt.xyz,True,0,0
22,N8_neutral,neutral,N8_neutral_iso0203_conf0,0,8,-22.978496185859168,-2.872312023232396,0.07724532383657134,0.2627440428266708,48.47217289054798,Nx -> (x/2) N2,n1[n-]n2[n-][n+]3[n-][n+]1[n+]23,resultats/seeds_pubchem/work/xtb/N8_neutral_iso0203_conf0/xtbopt.xyz,True,0,0
23,N8_neutral,neutral,N8_neutral_iso0036_conf0,0,8,-22.973994141779055,-2.871749267722382,0.0817473679166838,0.2780574003717213,51.29724822421837,Nx -> (x/2) N2,n12n3n1n1n4n1n4n23,resultats/seeds_pubchem/work/xtb/N8_neutral_iso0036_conf0/xtbopt.xyz,True,0,0
24,N8_neutral,neutral,N8_neutral_iso0223_conf0,0,8,-22.94471214572211,-2.868089018215264,0.11102936397362839,0.3776578634665984,69.67197830439152,Nx -> (x/2) N2,N#[N+][N+]#N.[N-]=NN=[N-],resultats/seeds_pubchem/work/xtb/N8_neutral_iso0223_conf0/xtbopt.xyz,True,0,0
25,N8_neutral,neutral,N8_neutral_iso0005_conf1,0,8,-22.908622532473377,-2.863577816559172,0.14711897722236245,0.5004139141640519,92.31855269958399,Nx -> (x/2) N2,N12N3N4N1N1N2N3N41,resultats/seeds_pubchem/work/xtb/N8_neutral_iso0005_conf1/xtbopt.xyz,True,0,0
1,N10_neutral,neutral,N10_neutral_iso0057_conf0,0,10,-29.033545488965235,-2.9033545488965236,-0.21386860184556156,-0.5819661130708997,-134.2045748484491,Nx -> (x/2) N2,n1n[n+](-[n+]2nn[n-]n2)n[n-]1,resultats/seeds_pubchem/work/xtb/N10_neutral_iso0057_conf0/xtbopt.xyz,True,0,0
2,N10_neutral,neutral,N10_neutral_iso0027_conf0,0,10,-29.016803322546377,-2.901680332254638,-0.1971264354267035,-0.5364083573690841,-123.69870672710918,Nx -> (x/2) N2,[N-2][n+]1nnn[n+]2nn[n-][n+]12,resultats/seeds_pubchem/work/xtb/N10_neutral_iso0027_conf0/xtbopt.xyz,True,0,0
3,N10_neutral,neutral,N10_neutral_iso0056_conf0,0,10,-28.99609367996427,-2.899609367996427,-0.17641679284459855,-0.4800545490372823,-110.70320970692603,Nx -> (x/2) N2,[N-]=[N+]1[N-][n+]2nnnn[n+]2[N-]1,resultats/seeds_pubchem/work/frequency/N10_neutral_iso0056_conf0/post_freq_minimum.xyz,True,1,0
4,N10_neutral,neutral,N10_neutral_iso0018_conf0,0,10,-28.980378688610344,-2.898037868861034,-0.1607018014906707,-0.43729187907887307,-100.84190367508548,Nx -> (x/2) N2,N#[N+][N-][N-][n+]1nnnnn1,resultats/seeds_pubchem/work/frequency/N10_neutral_iso0018_conf0/post_freq_minimum.xyz,True,1,0
5,N10_neutral,neutral,N10_neutral_iso0001_conf0,0,10,-28.975279889217923,-2.897527988921792,-0.15560300209824973,-0.42341733911307544,-97.64235872649354,Nx -> (x/2) N2,N1=N[N-][n+]2nnnn[n+]2[N-]1,resultats/seeds_pubchem/work/frequency/N10_neutral_iso0001_conf0/post_freq_minimum.xyz,True,3,0
6,N10_neutral,neutral,N10_neutral_iso0042_conf0,0,10,-28.972094764605725,-2.8972094764605725,-0.15241787748605162,-0.4147501735066629,-95.64366284158729,Nx -> (x/2) N2,n12n3n4n5n4n4n(n4n13)n25,resultats/seeds_pubchem/work/xtb/N10_neutral_iso0042_conf0/xtbopt.xyz,True,0,0
7,N10_neutral,neutral,N10_neutral_iso0059_conf1,0,10,-28.948044250796627,-2.8948044250796627,-0.12836736367695423,-0.3493053914392812,-80.55173745944333,Nx -> (x/2) N2,N1=NN2N=NN=NN2N=N1,resultats/seeds_pubchem/work/frequency/N10_neutral_iso0059_conf1/post_freq_minimum.xyz,True,1,0
8,N10_neutral,neutral,N10_neutral_iso0183_conf0,0,10,-28.939049658469816,-2.8939049658469815,-0.11937277135014313,-0.32482985884627547,-74.9075455175776,Nx -> (x/2) N2,[N-2][N+]1=N[N+]2=N[N+]([N-2])=N[N+]2=N1,resultats/seeds_pubchem/work/xtb/N10_neutral_iso0183_conf0/xtbopt.xyz,True,0,0
9,N10_neutral,neutral,N10_neutral_iso0034_conf0,0,10,-28.932395812264883,-2.893239581226488,-0.11271892514520943,-0.30672382093589023,-70.73219395435503,Nx -> (x/2) N2,N#[N+][n+]1[n+]([N-2])nnn[n+]1[N-2],resultats/seeds_pubchem/work/frequency/N10_neutral_iso0034_conf0/post_freq_minimum.xyz,True,1,0
10,N10_neutral,neutral,N10_neutral_iso0055_conf1,0,10,-28.892315370543702,-2.8892315370543704,-0.07263848342402923,-0.19765938287740564,-45.58133686494791,Nx -> (x/2) N2,n1n[n+]2[n-][n-][n+]2[n+]2[n-][n-][n+]12,resultats/seeds_pubchem/work/frequency/N10_neutral_iso0055_conf1/post_freq_minimum.xyz,True,1,0
11,N10_neutral,neutral,N10_neutral_iso0048_conf0,0,10,-28.88540767126108,-2.8885407671261083,-0.0657307841414081,-0.17886257555235183,-41.24669008928636,Nx -> (x/2) N2,N(=[N+]1[N-][N-]1)[n+]1nnnnn1,resultats/seeds_pubchem/work/frequency/N10_neutral_iso0048_conf0/post_freq_minimum.xyz,True,1,0
12,N10_neutral,neutral,N10_neutral_iso0008_conf0,0,10,-28.876121381010844,-2.887612138101084,-0.056444493891170566,-0.15359329247319523,-35.419454935561575,Nx -> (x/2) N2,[N-]=N[n+]1nn[n+](N=[N-])nn1,resultats/seeds_pubchem/work/xtb/N10_neutral_iso0008_conf0/xtbopt.xyz,True,0,0
13,N10_neutral,neutral,N10_neutral_iso0029_conf0,0,10,-28.8748944027271,-2.8874894402727103,-0.055217515607427714,-0.15025451447375862,-34.64951443238805,Nx -> (x/2) N2,n1[n+]2[n-][n-][n+]2n[n+]2[n-][n-][n+]12,resultats/seeds_pubchem/work/xtb/N10_neutral_iso0029_conf0/xtbopt.xyz,True,0,0
14,N10_neutral,neutral,N10_neutral_iso0044_conf0,0,10,-28.8733858863365,-2.88733858863365,-0.053708999216826925,-0.14614963225745442,-33.70290609855377,Nx -> (x/2) N2,n1nn[n+](-[n+]2n[n-][n-]2)nn1,resultats/seeds_pubchem/work/frequency/N10_neutral_iso0044_conf0/post_freq_minimum.xyz,True,1,0
15,N10_neutral,neutral,N10_neutral_iso0099_conf1,0,10,-28.856272388711083,-2.885627238871108,-0.03659550159141034,-0.09958143286695352,-22.964024125371594,Nx -> (x/2) N2,N1=Nn2n3nnn1n2N=N3,resultats/seeds_pubchem/work/xtb/N10_neutral_iso0099_conf1/xtbopt.xyz,True,0,0
16,N10_neutral,neutral,N10_neutral_iso0159_conf0,0,10,-28.852143623562025,-2.8852143623562023,-0.03246673644235187,-0.0883464905479531,-20.37318485912619,Nx -> (x/2) N2,n1n[n+]2[n+]3[n-][n-][n+]3[n+]1[N-][N-]2,resultats/seeds_pubchem/work/xtb/N10_neutral_iso0159_conf0/xtbopt.xyz,True,0,0
17,N10_neutral,neutral,N10_neutral_iso0051_conf1,0,10,-28.825632889412645,-2.8825632889412645,-0.005956002292972329,-0.016207107887606022,-3.7374478938331728,Nx -> (x/2) N2,N1=NN2N3N=NN4N1N2N43,resultats/seeds_pubchem/work/xtb/N10_neutral_iso0051_conf1/xtbopt.xyz,True,0,0
18,N10_neutral,neutral,N10_neutral_iso0206_conf1,0,10,-28.805620860062373,-2.880562086006237,0.014056027057300469,0.03824839813402611,8.820290210928198,Nx -> (x/2) N2,n12n3n1n1n4n5n4n3n2n51,resultats/seeds_pubchem/work/xtb/N10_neutral_iso0206_conf1/xtbopt.xyz,True,0,0
19,N10_neutral,neutral,N10_neutral_iso0235_conf1,0,10,-28.79773689551606,-2.879773689551606,0.02193999160361315,0.05970175857596511,13.767552693254551,Nx -> (x/2) N2,n12n3n4n5n6n5n(n14)n2n63,resultats/seeds_pubchem/work/xtb/N10_neutral_iso0235_conf1/xtbopt.xyz,True,0,0
20,N10_neutral,neutral,N10_neutral_iso0040_conf1,0,10,-28.765082196181808,-2.876508219618181,0.054594690937864954,0.14855972220905841,34.25868604868658,Nx -> (x/2) N2,n1nn2n3n4n1n1n2n3n41,resultats/seeds_pubchem/work/xtb/N10_neutral_iso0040_conf1/xtbopt.xyz,True,0,0
21,N10_neutral,neutral,N10_neutral_iso0190_conf0,0,10,-28.755293917207602,-2.87552939172076,0.06438296991207082,0.1751949861941183,40.40092388488803,Nx -> (x/2) N2,[n-]1[n-]n2n1[n+]1[n+]2-[n+]2[n-][n-][n+]2-1,resultats/seeds_pubchem/work/xtb/N10_neutral_iso0190_conf0/xtbopt.xyz,True,0,0
22,N10_neutral,neutral,N10_neutral_iso0045_conf1,0,10,-28.74040631005259,-2.874040631005259,0.0792705770670814,0.21570622905147108,49.743038489404434,Nx -> (x/2) N2,N12N3N4N1N1N2N2N3N4N12,resultats/seeds_pubchem/work/xtb/N10_neutral_iso0045_conf1/xtbopt.xyz,True,0,0
1,N12_neutral,neutral,N12_neutral_iso0000_conf1,0,12,-34.81933609038758,-2.9016113408656317,-0.23572382584396934,-0.5345310060351881,-147.91893506595295,Nx -> (x/2) N2,N1=N[N+](=N[N-][n+]2nnn[n-]2)N=N1,resultats/seeds_pubchem/work/frequency/N12_neutral_iso0000_conf1/post_freq_minimum.xyz,True,1,0
2,N12_neutral,neutral,N12_neutral_iso0179_conf1,0,12,-34.79824064938256,-2.8998533874485464,-0.21462838483894586,-0.4866946566004259,-134.68134587853166,Nx -> (x/2) N2,n1nn[n+]([N-][n+]2nnn[n-]2)nn1,resultats/seeds_pubchem/work/frequency/N12_neutral_iso0179_conf1/post_freq_minimum.xyz,True,1,0
3,N12_neutral,neutral,N12_neutral_iso0199_conf1,0,12,-34.76210611913271,-2.8968421765943924,-0.1784938545890995,-0.40475543497993366,-112.00658563938768,Nx -> (x/2) N2,[N-]=[N+](n1nnnn1)n1nnnn1,resultats/seeds_pubchem/work/frequency/N12_neutral_iso0199_conf1/post_freq_minimum.xyz,True,1,0
4,N12_neutral,neutral,N12_neutral_iso0093_conf0,0,12,-34.746693714178065,-2.895557809514839,-0.16308144963445415,-0.36980602629656417,-102.33515544121417,Nx -> (x/2) N2,N1=N[N-][N+](=[N+]2N=NN=N[N-]2)N=N1,resultats/seeds_pubchem/work/frequency/N12_neutral_iso0093_conf0/post_freq_minimum.xyz,True,1,0
5,N12_neutral,neutral,N12_neutral_iso0112_conf1,0,12,-34.71012616236523,-2.8925105135304356,-0.12651389782161715,-0.2868848782591237,-79.38867006682413,Nx -> (x/2) N2,N1=NN2N(N=N1)N1N=NN=NN21,resultats/seeds_pubchem/work/frequency/N12_neutral_iso0112_conf1/post_freq_minimum.xyz,True,1,0
6,N12_neutral,neutral,N12_neutral_iso0028_conf0,0,12,-34.69765024540696,-2.8914708537839133,-0.11403798086335115,-0.258594295332103,-71.55991392038565,Nx -> (x/2) N2,n1nn[n+]2n3nnn([n-][n-]3)[n+]2n1,resultats/seeds_pubchem/work/frequency/N12_neutral_iso0028_conf0/post_freq_minimum.xyz,True,1,0
7,N12_neutral,neutral,N12_neutral_iso0127_conf1,0,12,-34.65844563321298,-2.888203802767748,-0.07483336866936696,-0.1696933082458801,-46.958648160994976,Nx -> (x/2) N2,n12n3n1n1n4n5n6n5n1n3n6n24,resultats/seeds_pubchem/work/xtb/N12_neutral_iso0127_conf1/xtbopt.xyz,True,0,0
8,N12_neutral,neutral,N12_neutral_iso0021_conf1,0,12,-34.607130191313544,-2.8839275159427955,-0.023517926769933695,-0.053329615753460555,-14.757721966850802,Nx -> (x/2) N2,[n-]1[n-][n+]2[n+]1[n+]1[n-][n-][n+]1[n+]1[n-][n-][n+]21,resultats/seeds_pubchem/work/frequency/N12_neutral_iso0021_conf1/post_freq_minimum.xyz,True,1,0
9,N12_neutral,neutral,N12_neutral_iso0086_conf0,0,12,-34.43299596859428,-2.8694163307161897,0.1506162959493338,0.34153985033477996,94.51315335069611,Nx -> (x/2) N2,N12N3N4N1N1N4N4N5N3N2N5N14,resultats/seeds_pubchem/work/xtb/N12_neutral_iso0086_conf0/xtbopt.xyz,True,0,0
1,N14_neutral,neutral,N14_neutral_iso0060_conf0,0,14,-40.57098329601614,-2.897927378286867,-0.22343565404859334,-0.4342852773886589,-140.2079907888028,Nx -> (x/2) N2,n1n[n-][n+]2n[n+]3[n-]nn[n-][n+]3n[n+]2[n-]1,resultats/seeds_pubchem/work/frequency/N14_neutral_iso0060_conf0/post_freq_minimum.xyz,True,2,0
2,N14_neutral,neutral,N14_neutral_iso0137_conf0,0,14,-40.50603695398521,-2.8932883538560863,-0.15848931201766447,-0.3080509917981125,-99.45354555931173,Nx -> (x/2) N2,n1nn[n+]2n3nn[n-]n(nn[n-]3)[n+]2n1,resultats/seeds_pubchem/work/xtb/N14_neutral_iso0137_conf0/xtbopt.xyz,True,0,0
3,N14_neutral,neutral,N14_neutral_iso0134_conf0,0,14,-40.44685836233151,-2.889061311595108,-0.09931072036396671,-0.19302731215651456,-62.31841836214803,Nx -> (x/2) N2,n1nn2nnn1n1n3nnn(nn3)n21,resultats/seeds_pubchem/work/xtb/N14_neutral_iso0134_conf0/xtbopt.xyz,True,0,0
4,N14_neutral,neutral,N14_neutral_iso0015_conf1,0,14,-40.409137121947076,-2.886366937281934,-0.06158947997953135,-0.11970965202946947,-38.6479824736443,Nx -> (x/2) N2,[N-2][n+]1n[n+]([N-2])n[n+](-[n+]2nnnnn2)n1,resultats/seeds_pubchem/work/frequency/N14_neutral_iso0015_conf1/post_freq_minimum.xyz,True,1,0
5,N14_neutral,neutral,N14_neutral_iso0095_conf1,0,14,-40.35850298044515,-2.8827502128889395,-0.010955338477607768,-0.021293567626408508,-6.874578736760553,Nx -> (x/2) N2,n1(-n2n3n4n3n3n2n43)n2n3n2n2n1n32,resultats/seeds_pubchem/work/frequency/N14_neutral_iso0095_conf1/post_freq_minimum.xyz,True,1,0
1,N16_neutral,neutral,N16_neutral_iso0002_conf1,0,16,-46.4115581177938,-2.9007223823621127,-0.30007509840232416,-0.5103412128392811,-188.29996856093538,Nx -> (x/2) N2,n1n[n+]2[n+]3[n+](nn[n+]4[n+]3[n+]1[N-][N-][N-]4)[N-][N-][N-]2,resultats/seeds_pubchem/work/xtb/N16_neutral_iso0002_conf1/xtbopt.xyz,True,0,0
2,N16_neutral,neutral,N16_neutral_iso0001_conf0,0,16,-46.353073847634704,-2.897067115477169,-0.24159082824322553,-0.41087633380090977,-151.60053468287845,Nx -> (x/2) N2,N(=N[N-][n+]1nnnnn1)[N-][n+]1nnnnn1,resultats/seeds_pubchem/work/frequency/N16_neutral_iso0001_conf0/post_freq_minimum.xyz,True,1,0
